30584;# doc = relatives.2.txt;;;;;;;;;;;;;;;;
30585;# speaker = Алина;;;;;;;;;;;;;;;;
30586;# sent = 2346;;;;;;;;;;;;;;;;
30587;;Ну;НУ;PART;;;   _Ну_ всё / ты;у;н;;;;;PART;НУ;PART;У
30588;;всё;ВСЕ;PART;;;  Ну _всё_ / ты придумал;ё;с;в;;;;PART;ВСЕ;PART;Е
30589;;/;/;PUNCT;;;;;;;;;;PUNCT;;;
30590;;ты;ТЫ;SPRO sg 2p - nom;;;Ну всё / _ты_ придумал что-нибудь ?;ы;т;;;;;SPRO;ТЫ;SPRO sg 2p - nom;Ы
30591;;придумал;ПРИДУМАТЬ;V pf praet sg indic m -;;;всё / ты _придумал_ что-нибудь ? ;л;а;м;у;д;и;V;ПРИДУМАТЬ;V pf praet sg indic m -;Ь
30592;;что-нибудь;ЧТО-НИБУДЬ;SPRO n inan acc sg;;;/ ты придумал _что-нибудь_ ?  ;ь;д;у;б;и;н;SPRO;ЧТО-НИБУДЬ;S n - acc sg;Ь
30593;;?;?;PUNCT;;;;;;;;;;PUNCT;;;
30594;;;;;;;;;;;;;;;;;
30595;# sent = 2347;;;;;;;;;;;;;;;;
30596;# speaker = Мирон;;;;;;;;;;;;;;;;
30597;# sent = 2348;;;;;;;;;;;;;;;;
30598;;Эм;ЭМ;INTJ;;;   _Эм_  я думаю;м;э;;;;;INTJ;ЭМ;S n inan nonflex -;М
30599;<noindex>[нрзб]</noindex>;;;;;;;;;;;;;;;;
30600;;я;Я;SPRO sg 1p - nom;;; Эм  _я_ думаю да ;я;;;;;;SPRO;Я;SPRO sg 1p - nom;Я
30601;;думаю;ДУМАТЬ;V ipf praes sg indic - 1p;;;Эм  я _думаю_ да  ;ю;а;м;у;д;;V;ДУМАТЬ;V ipf praes sg indic - 1p;Ь
30602;;да;ДА;CONJ;;; я думаю _да_   ;а;д;;;;;CONJ;ДА;CONJ;А
30603;;;;;;;;;;;;;;;;;
30604;# sent = 2349;;;;;;;;;;;;;;;;
30605;# speaker = Алина;;;;;;;;;;;;;;;;
30606;# sent = 2350;;;;;;;;;;;;;;;;
30607;;Ну;НУ;PART;;;   _Ну_ всё го ;у;н;;;;;PART;НУ;PART;У
30608;;всё;ВСЕ;PART;;;  Ну _всё_ го  ;ё;с;в;;;;PART;ВСЕ;PART;Е
30609;;го;ГО;V nonflex;;; Ну всё _го_   ;о;г;;;;;V;ГО;S n inan nonflex -;О
30610;;;;;;;;;;;;;;;;;
30611;# sent = 2351;;;;;;;;;;;;;;;;
30612;# speaker = Мирон;;;;;;;;;;;;;;;;
30613;# sent = 2352;;;;;;;;;;;;;;;;
30614;;Смотри;СМОТРЕТЬ;V ipf - sg imper - 2p;;;   _Смотри_ // Меня зовут;и;р;т;о;м;с;V;СМОТРЕТЬ;V ipf - sg imper - 2p;Ь
30615;;//;//;PUNCT;;;;;;;;;;PUNCT;;;
30616;;Меня;Я;SPRO sg 1p - acc;;; Смотри // _Меня_ зовут Мирон Крылов;я;н;е;м;;;SPRO;Я;SPRO sg 1p - acc;Я
30617;;зовут;ЗВАТЬ;V ipf praes pl indic - 3p;;;Смотри // Меня _зовут_ Мирон Крылов //;т;у;в;о;з;;V;ЗВАТЬ;V ipf praes pl indic - 3p;Ь
30618;;Мирон;МИРОН;S m persn nom sg;;;// Меня зовут _Мирон_ Крылов // А;н;о;р;и;м;;S;МИРОН;S m anim nom sg;Н
30619;;Крылов;КРЫЛОВ;S m famn nom sg;;;Меня зовут Мирон _Крылов_ // А /;в;о;л;ы;р;к;S;КРЫЛОВ;S m anim nom sg;В
30620;;//;//;PUNCT;;;;;;;;;;PUNCT;;;
30621;;А;А;CONJ;;;Мирон Крылов // _А_ / моего прапрадеда;а;;;;;;CONJ;А;CONJ;А
30622;;/;/;PUNCT;;;;;;;;;;PUNCT;;;
30623;;моего;МОЙ;APRO - acc sg plen m -;;;// А / _моего_ прапрадеда не звали;о;г;е;о;м;;APRO;МОЙ;A - gen sg plen m -;Й
30624;;прапрадеда;ПРАПРАДЕД;S m anim acc sg;;;А / моего _прапрадеда_ не звали Крылов;а;д;е;д;а;р;S;ПРАПРАДЕД;S m anim acc sg;Д
30625;;не;НЕ;PART;;;/ моего прапрадеда _не_ звали Крылов /;е;н;;;;;PART;НЕ;PART;Е
30626;;звали;ЗВАТЬ;V ipf praet pl indic - -;;;моего прапрадеда не _звали_ Крылов / ни;и;л;а;в;з;;V;ЗВАТЬ;V ipf praet pl indic - -;Ь
30627;;Крылов;КРЫЛОВ;S m famn nom sg;;;прапрадеда не звали _Крылов_ / ни одного;в;о;л;ы;р;к;S;КРЫЛОВ;S m anim nom sg;В
30628;;/;/;PUNCT;;;;;;;;;;PUNCT;;;
30629;;ни;НИ;PART;;;звали Крылов / _ни_ одного  ;и;н;;;;;PART;НИ;PART;И
30630;;одного;ОДИН;ANUM - acc sg plen m anim;;;Крылов / ни _одного_   ;о;г;о;н;д;о;ANUM;ОДИН;A - acc sg plen m anim;Н
30631;;;;;;;;;;;;;;;;;
30632;# sent = 2353;;;;;;;;;;;;;;;;
30633;# speaker = Алина;;;;;;;;;;;;;;;;
30634;# sent = 2354;;;;;;;;;;;;;;;;
30635;;А;А;CONJ;;;   _А_ кого звали ?;а;;;;;;CONJ;А;CONJ;А
30636;;кого;КТО;SPRO m - acc sg;;;  А _кого_ звали ? ;о;г;о;к;;;S;КТО;S m - acc sg;О
30637;;звали;ЗВАТЬ;V ipf praet pl indic - -;;; А кого _звали_ ?  ;и;л;а;в;з;;V;ЗВАТЬ;V ipf praet pl indic - -;Ь
30638;;?;?;PUNCT;;;;;;;;;;PUNCT;;;
30639;;;;;;;;;;;;;;;;;
30640;# sent = 2355;;;;;;;;;;;;;;;;
30641;# speaker = Мирон;;;;;;;;;;;;;;;;
30642;# sent = 2356;;;;;;;;;;;;;;;;
30643;;Звали;ЗВАТЬ;V ipf praet pl indic - -;;;   _Звали_ мою прапрабабушку //;и;л;а;в;з;;V;ЗВАТЬ;V ipf praet pl indic - -;Ь
30644;;мою;МОЙ;APRO - acc sg plen f -;;;  Звали _мою_ прапрабабушку // Её;ю;о;м;;;;APRO;МОЙ;A - acc sg plen f -;Й
30645;;прапрабабушку;ПРАПРАБАБУШКА;S f anim acc sg;;; Звали мою _прапрабабушку_ // Её з;у;к;ш;у;б;а;S;ПРАПРАБАБУШКА;S f inan acc sg;А
30646;;//;//;PUNCT;;;;;;;;;;PUNCT;;;
30647;;Её;ЕЕ;SPRO f 3p acc sg ;;;мою прапрабабушку // _Её_ з ... звали;ё;е;;;;;APRO;ЕЕ;A - nonflex - plen - -;Е
30648;;з;З;NONLEX;слитно;;прапрабабушку // Её _з_ ... звали Сара;з;;;;;;NONLEX;З;NONLEX;З
30649;;...;...;PUNCT;;;;;;;;;;PUNCT;;;
30650;;звали;ЗВАТЬ;V ipf praet pl indic - -;;;Её з ... _звали_ Сара Алексеевна Крылова;и;л;а;в;з;;V;ЗВАТЬ;V ipf praet pl indic - -;Ь
30651;;Сара;САРА;S f persn nom sg;;;з ... звали _Сара_ Алексеевна Крылова ...;а;р;а;с;;;S;САРА;S f anim nom sg;А
30652;;Алексеевна;АЛЕКСЕЕВНА;S f patrn nom sg;;;... звали Сара _Алексеевна_ Крылова ... ;а;н;в;е;е;с;S;АЛЕКСЕЕВНА;S f anim nom sg;А
30653;;Крылова;КРЫЛОВ;S f famn nom sg;;;звали Сара Алексеевна _Крылова_ ...  ;а;в;о;л;ы;р;S;КРЫЛОВ;S m anim gen sg;В
30654;;...;...;PUNCT;;;;;;;;;;PUNCT;;;
30655;;;;;;;;;;;;;;;;;
30656;# sent = 2357;;;;;;;;;;;;;;;;
30657;# speaker = Алина;;;;;;;;;;;;;;;;
30658;# sent = 2358;;;;;;;;;;;;;;;;
30659;;Ммм;МММ;INTJ;;;   _Ммм_   ;м;м;м;;;;S;МММ;S n inan loc sg;М
30660;;;;;;;;;;;;;;;;;
30661;# sent = 2359;;;;;;;;;;;;;;;;
30662;# speaker = Мирон;;;;;;;;;;;;;;;;
30663;# sent = 2360;;;;;;;;;;;;;;;;
30664;;Потому что;Потому что;CONJ;;;   _Потому что_ она дочь священника;о;т;ч; ;у;м;CONJ;Потому что;CONJ;о
30665;;она;ОНА;SPRO sg 3p f nom;;;  Потому что _она_ дочь священника /;а;н;о;;;;SPRO;ОНА;SPRO sg 3p f nom;А
30666;;дочь;ДОЧЬ;S f anim nom sg;;; Потому что она _дочь_ священника / Крылов;ь;ч;о;д;;;S;ДОЧЬ;S f anim nom sg;Ь
30667;;священника;СВЯЩЕННИК;S m anim gen sg;;;Потому что она дочь _священника_ / Крылов это;а;к;и;н;н;е;S;СВЯЩЕННИК;S m anim gen sg;К
30668;;/;/;PUNCT;;;;;;;;;;PUNCT;;;
30669;;Крылов;КРЫЛОВ;S m anim nom sg;;;дочь священника / _Крылов_ это вообще обычно;в;о;л;ы;р;к;S;КРЫЛОВ;S m anim nom sg;В
30670;;это;ЭТО;SPRO n - nom sg;;;священника / Крылов _это_ вообще обычно фамилия;о;т;э;;;;SPRO;ЭТО;S n - nom sg;О
30671;;вообще;ВООБЩЕ;ADV -;;;/ Крылов это _вообще_ обычно фамилия священников;е;щ;б;о;о;в;ADV;ВООБЩЕ;ADV -;Е
30672;;обычно;ОБЫЧНО;ADV -;;;Крылов это вообще _обычно_ фамилия священников …;о;н;ч;ы;б;о;ADV;ОБЫЧНО;ADV -;О
30673;;фамилия;ФАМИЛИЯ;S f inan nom sg;;;это вообще обычно _фамилия_ священников … ;я;и;л;и;м;а;S;ФАМИЛИЯ;S f inan nom sg;Я
30674;;священников;СВЯЩЕННИК;S m anim gen pl;;;вообще обычно фамилия _священников_ …  ;в;о;к;и;н;н;S;СВЯЩЕННИК;S m anim gen pl;К
30675;;…;…;PUNCT;;;;;;;;;;PUNCT;;;
30676;;;;;;;;;;;;;;;;;
30677;# sent = 2361;;;;;;;;;;;;;;;;
30678;# speaker = Алина;;;;;;;;;;;;;;;;
30679;# sent = 2362;;;;;;;;;;;;;;;;
30680;;М;М;NONLEX;слитно;;   _М_ - хм ;м;;;;;;INTJ;М;S - - nonflex -;М
30681;;-;-;PUNCT;;;;;;;;;;PUNCT;;;
30682;;хм;ХМ;INTJ;;; М - _хм_   ;м;х;;;;;INTJ;ХМ;INTJ;М
30683;;;;;;;;;;;;;;;;;
30684;# sent = 2363;;;;;;;;;;;;;;;;
30685;# speaker = Мирон;;;;;;;;;;;;;;;;
30686;# sent = 2364;;;;;;;;;;;;;;;;
30687;;Или;ИЛИ;CONJ;;;   _Или_ потомков священников //;и;л;и;;;;CONJ;ИЛИ;CONJ;И
30688;;потомков;ПОТОМОК;S m anim gen pl;;;  Или _потомков_ священников // Эээ;в;о;к;м;о;т;S;ПОТОМОК;S m anim gen pl;К
30689;;священников;СВЯЩЕННИК;S m anim gen pl;;; Или потомков _священников_ // Эээ //;в;о;к;и;н;н;S;СВЯЩЕННИК;S m anim gen pl;К
30690;;//;//;PUNCT;;;;;;;;;;PUNCT;;;
30691;;Эээ;ЭЭЭ;NONLEX;;;потомков священников // _Эээ_ // На самом;э;э;э;;;;NONLEX;ЭЭЭ;NONLEX;Э
30692;;//;//;PUNCT;;;;;;;;;;PUNCT;;;
30693;;На;НА;PR;;;// Эээ // _На_ самом деле /;а;н;;;;;PR;НА;PR;А
30694;;самом;САМЫЙ;A - loc sg plen n -;;;Эээ // На _самом_ деле / её;м;о;м;а;с;;A;САМЫЙ;A - loc sg plen n -;Й
30695;;деле;ДЕЛО;S n inan loc sg;;;// На самом _деле_ / её /;е;л;е;д;;;S;ДЕЛО;S n inan loc sg;О
30696;;/;/;PUNCT;;;;;;;;;;PUNCT;;;
30697;;её;ОНА;SPRO sg 3p f acc;;;самом деле / _её_ / от роду;ё;е;;;;;SPRO;ОНА;SPRO sg 3p f acc;А
30698;;/;/;PUNCT;;;;;;;;;;PUNCT;;;
30699;;от;ОТ;PR;;;/ её / _от_ роду звали Сира;т;о;;;;;PR;ОТ;PR;Т
30700;;роду;РОД;S m inan gen2 sg;;;её / от _роду_ звали Сира /;у;д;о;р;;;S;РОД;S m inan dat sg;Д
30701;;звали;ЗВАТЬ;V ipf praet pl indic - -;;;/ от роду _звали_ Сира / но;и;л;а;в;з;;V;ЗВАТЬ;V ipf praet pl indic - -;Ь
30702;;Сира;СИРА;S f persn nom sg;;;от роду звали _Сира_ / но когда;а;р;и;с;;;S;СИР;S m anim acc sg;А
30703;;/;/;PUNCT;;;;;;;;;;PUNCT;;;
30704;;но;НО;CONJ;;;звали Сира / _но_ когда ей исполнилось;о;н;;;;;CONJ;НО;CONJ;О
30705;;когда;КОГДА;CONJ;;;Сира / но _когда_ ей исполнилось восемнадцать;а;д;г;о;к;;CONJ;КОГДА;CONJ;А
30706;;ей;ОНА;SPRO sg 3p f dat;;;/ но когда _ей_ исполнилось восемнадцать /;й;е;;;;;SPRO;ОНА;SPRO sg 3p f dat;А
30707;;исполнилось;ИСПОЛНИТЬСЯ;V pf praet sg med n -;;;но когда ей _исполнилось_ восемнадцать / она;ь;с;о;л;и;н;V;ИСПОЛНИТЬСЯ;V pf praet sg indic n -;Я
30708;;восемнадцать;ВОСЕМНАДЦАТЬ;NUM nom - -;;;когда ей исполнилось _восемнадцать_ / она /;ь;т;а;ц;д;а;NUM;ВОСЕМНАДЦАТЬ;NUM acc - -;Ь
30709;;/;/;PUNCT;;;;;;;;;;PUNCT;;;
30710;;она;ОНА;SPRO sg 3p f nom;;;исполнилось восемнадцать / _она_ / потеряла все;а;н;о;;;;SPRO;ОНА;SPRO sg 3p f nom;А
30711;;/;/;PUNCT;;;;;;;;;;PUNCT;;;
30712;;потеряла;ПОТЕРЯТЬ;V pf praet sg indic f -;;;/ она / _потеряла_ все документы и;а;л;я;р;е;т;V;ПОТЕРЯТЬ;V pf praet sg indic f -;Ь
30713;;все;ВЕСЬ;APRO - acc pl plen - -;;;она / потеряла _все_ документы и поменяла;е;с;в;;;;APRO;ВЕСЬ;A - nom pl plen - -;Ь
30714;;документы;ДОКУМЕНТ;S m inan acc pl;;;/ потеряла все _документы_ и поменяла себе;ы;т;н;е;м;у;S;ДОКУМЕНТ;S m inan nom pl;Т
30715;;и;И;CONJ;;;потеряла все документы _и_ поменяла себе паспорт;и;;;;;;CONJ;И;CONJ;И
30716;;поменяла;ПОМЕНЯТЬ;V pf praet sg indic f -;;;все документы и _поменяла_ себе паспорт на;а;л;я;н;е;м;V;ПОМЕНЯТЬ;V pf praet sg indic f -;Ь
30717;;себе;СЕБЯ;SPRO - - - dat;;;документы и поменяла _себе_ паспорт на Сара;е;б;е;с;;;SPRO;СЕБЯ;SPRO - - - dat;Я
30718;;паспорт;ПАСПОРТ;S m inan acc sg;;;и поменяла себе _паспорт_ на Сара /;т;р;о;п;с;а;S;ПАСПОРТ;S m inan acc sg;Т
30719;;на;НА;PR;;;поменяла себе паспорт _на_ Сара / ну;а;н;;;;;PR;НА;PR;А
30720;;Сара;САРА;S f persn acc sg;;;себе паспорт на _Сара_ / ну потому что;а;р;а;с;;;S;САРА;S f anim nom sg;А
30721;;/;/;PUNCT;;;;;;;;;;PUNCT;;;
30722;;ну;НУ;PART;;;на Сара / _ну_ потому что ее в;у;н;;;;;PART;НУ;PART;У
30723;;потому что;потому что;CONJ;;;Сара / ну _потому что_ ее в школе;о;т;ч; ;у;м;CONJ;потому что;CONJ;о
30724;;ее;ОНА;SPRO sg 3p f acc;;;/ ну потому что _ее_ в школе дразнили;е;е;;;;;SPRO;ОНА;SPRO sg 3p f acc;А
30725;;в;В;PR;;;ну потому что ее _в_ школе дразнили Сира;в;;;;;;PR;В;PR;В
30726;;школе;ШКОЛА;S f inan loc sg;;;потому что ее в _школе_ дразнили Сира -;е;л;о;к;ш;;S;ШКОЛА;S f inan loc sg;А
30727;;дразнили;ДРАЗНИТЬ;V ipf praet pl indic - -;;;ее в школе _дразнили_ Сира - засира;и;л;и;н;з;а;V;ДРАЗНИТЬ;V ipf praet pl indic - -;Ь
30728;;Сира;СИРA;S а persn nom sg;;;в школе дразнили _Сира_ - засира ;а;р;и;с;;;S;СИР;S m anim acc sg;A
30729;;-;-;PUNCT;;;;;;;;;;PUNCT;;;
30730;;засира;ЗАСИРA;S f inan nom sg;;;дразнили Сира - _засира_   ;а;р;и;с;а;з;S;ЗАСИР;S f inan nom sg;A
30731;;;;;;;;;;;;;;;;;
30732;# sent = 2365;;;;;;;;;;;;;;;;
30733;# speaker = Алина;;;;;;;;;;;;;;;;
30734;# sent = 2366;;;;;;;;;;;;;;;;
30735;;Хорошая;ХОРОШИЙ;A - nom sg plen f -;;;   _Хорошая_ мотивация ! ;я;а;ш;о;р;о;A;ХОРОШИЙ;A - nom sg plen f -;Й
30736;;мотивация;МОТИВАЦИЯ;S f inan nom sg;;;  Хорошая _мотивация_ !  ;я;и;ц;а;в;и;S;МОТИВАЦИЯ;S f inan nom sg;Я
30737;;!;!;PUNCT;;;;;;;;;;PUNCT;;;
30738;;;;;;;;;;;;;;;;;
30739;# sent = 2367;;;;;;;;;;;;;;;;
30740;# speaker = Мирон;;;;;;;;;;;;;;;;
30741;# sent = 2368;;;;;;;;;;;;;;;;
30742;;Вот;ВОТ;PART;;;   _Вот_ // А потом;т;о;в;;;;PART;ВОТ;PART;Т
30743;;//;//;PUNCT;;;;;;;;;;PUNCT;;;
30744;;А;А;CONJ;;; Вот // _А_ потом / она;а;;;;;;CONJ;А;CONJ;А
30745;;потом;ПОТОМ;ADV -;;;Вот // А _потом_ / она и;м;о;т;о;п;;ADV;ПОТОМ;ADV -;М
30746;;/;/;PUNCT;;;;;;;;;;PUNCT;;;
30747;;она;ОНА;SPRO sg 3p f nom;;;А потом / _она_ и ... имея;а;н;о;;;;SPRO;ОНА;SPRO sg 3p f nom;А
30748;;и;И;NONLEX;слитно;;потом / она _и_ ... имея в;и;;;;;;CONJ;И;CONJ;И
30749;;...;...;PUNCT;;;;;;;;;;PUNCT;;;
30750;;имея;ИМЕТЬ;V ipf praes - ger - -;;;она и ... _имея_ в бумагах что;я;е;м;и;;;V;ИМЕТЬ;V ipf praes - ger - -;Ь
30751;;в;В;PR;;;и ... имея _в_ бумагах что его;в;;;;;;PR;В;PR;В
30752;;бумагах;БУМАГА;S f inan loc pl;;;... имея в _бумагах_ что его мать;х;а;г;а;м;у;S;БУМАГА;S f inan loc pl;А
30753;;что;ЧТО;CONJ;;;имея в бумагах _что_ его мать зовут;о;т;ч;;;;CONJ;ЧТО;CONJ;О
30754;;его;ОН;SPRO sg 3p m acc;;;в бумагах что _его_ мать зовут Сара;о;г;е;;;;SPRO;ОН;SPRO sg 3p m acc;Н
30755;;мать;МАТЬ;S f anim acc sg;;;бумагах что его _мать_ зовут Сара Алексеевна;ь;т;а;м;;;S;МАТЬ;S f anim acc sg;Ь
30756;;зовут;ЗВАТЬ;V ipf praes pl indic - 3p;;;что его мать _зовут_ Сара Алексеевна /;т;у;в;о;з;;V;ЗВАТЬ;V ipf praes pl indic - 3p;Ь
30757;;Сара;САРА;S f persn nom sg;;;его мать зовут _Сара_ Алексеевна / мой;а;р;а;с;;;S;САРА;S f anim nom sg;А
30758;;Алексеевна;АЛЕКСЕЕВНА;S f patrn nom sg;;;мать зовут Сара _Алексеевна_ / мой дед;а;н;в;е;е;с;S;АЛЕКСЕЕВНА;S f anim nom sg;А
30759;;/;/;PUNCT;;;;;;;;;;PUNCT;;;
30760;;мой;МОЙ;APRO - nom sg plen m -;;;Сара Алексеевна / _мой_ дед / нет;й;о;м;;;;APRO;МОЙ;A - nom sg plen m -;Й
30761;;дед;ДЕД;S m anim nom sg;;;Алексеевна / мой _дед_ / нет /;д;е;д;;;;S;ДЕД;S m anim nom sg;Д
30762;;/;/;PUNCT;;;;;;;;;;PUNCT;;;
30763;;нет;НЕТ;PART;;;мой дед / _нет_ / прадед выходит;т;е;н;;;;PART;НЕТ;PART;Т
30764;;/;/;PUNCT;;;;;;;;;;PUNCT;;;
30765;;прадед;ПРАДЕД;S m anim nom sg;;;/ нет / _прадед_ выходит / Александр;д;е;д;а;р;п;S;ПРАДЕД;S m anim nom sg;Д
30766;;выходит;ВЫХОДИТ;PARENTH;;;нет / прадед _выходит_ / Александр Григорьевич;т;и;д;о;х;ы;V;ВЫХОДИТЬ;V ipf praes sg indic - 3p;Т
30767;;/;/;PUNCT;;;;;;;;;;PUNCT;;;
30768;;Александр;АЛЕКСАНДР;S m persn nom sg;;;прадед выходит / _Александр_ Григорьевич / ээ;р;д;н;а;с;к;S;АЛЕКСАНДР;S m anim nom sg;Р
30769;;Григорьевич;ГРИГОРЬЕВИЧ;S m patrn nom sg;;;выходит / Александр _Григорьевич_ / ээ /;ч;и;в;е;ь;р;S;ГРИГОРЬЕВИЧ;S m anim nom sg;Ч
30770;;/;/;PUNCT;;;;;;;;;;PUNCT;;;
30771;;ээ;ЭЭ;NONLEX;;;Александр Григорьевич / _ээ_ / смог /;э;э;;;;;NONLEX;ЭЭ;NONLEX;Э
30772;;/;/;PUNCT;;;;;;;;;;PUNCT;;;
30773;;смог;СМОЧЬ;V pf praet sg indic m -;;;/ ээ / _смог_ / ээ /;г;о;м;с;;;V;СМОЧЬ;V pf praet sg indic m -;Ь
30774;;/;/;PUNCT;;;;;;;;;;PUNCT;;;
30775;;ээ;ЭЭ;NONLEX;;;/ смог / _ээ_ / уехать в;э;э;;;;;NONLEX;ЭЭ;NONLEX;Э
30776;;/;/;PUNCT;;;;;;;;;;PUNCT;;;
30777;;уехать;УЕХАТЬ;V pf - - inf - -;;;/ ээ / _уехать_ в Израиль /;ь;т;а;х;е;у;V;УЕХАТЬ;V pf - - inf - -;Ь
30778;;в;В;PR;;;ээ / уехать _в_ Израиль / э;в;;;;;;PR;В;PR;В
30779;;Израиль;ИЗРАИЛЬ;S m inan acc sg;;;/ уехать в _Израиль_ / э /;ь;л;и;а;р;з;S;ИЗРАИЛЬ;S m inan acc sg;Ь
30780;;/;/;PUNCT;;;;;;;;;;PUNCT;;;
30781;;э;Э;INTJ;;;в Израиль / _э_ / в девяностых;э;;;;;;INTJ;Э;INTJ;Э
30782;;/;/;PUNCT;;;;;;;;;;PUNCT;;;
30783;;в;В;PR;;;/ э / _в_ девяностых по программе;в;;;;;;PR;В;PR;В
30784;;девяностых;ДЕВЯНОСТЫЙ;ANUM - loc pl plen - -;;;э / в _девяностых_ по программе возвращения;х;ы;т;с;о;н;ANUM;ДЕВЯНОСТЫЙ;A - gen pl plen - -;Й
30785;;по;ПО;PR;;;/ в девяностых _по_ программе возвращения евреев;о;п;;;;;PR;ПО;PR;О
30786;;программе;ПРОГРАММА;S f inan dat sg;;;в девяностых по _программе_ возвращения евреев ;е;м;м;а;р;г;S;ПРОГРАММА;S f inan loc sg;А
30787;;возвращения;ВОЗВРАЩЕНИЕ;S n inan gen sg;;;девяностых по программе _возвращения_ евреев  ;я;и;н;е;щ;а;S;ВОЗВРАЩЕНИЕ;S n inan gen sg;Е
30788;;евреев;ЕВРЕЙ;S m anim gen pl;;;по программе возвращения _евреев_   ;в;е;е;р;в;е;S;ЕВРЕЙ;S m anim gen pl;Й
30789;;;;;;;;;;;;;;;;;
30790;# sent = 2369;;;;;;;;;;;;;;;;
30791;"<span class=""note"">";;;;;;;;;;;;;;;;
30792;<note>;Фыркает;;;;;;;;;;;;;;;
30793;</span>;;;;;;;;;;;;;;;;
30794;;;;;;;;;;;;;;;;;
30795;# sent = 2370;;;;;;;;;;;;;;;;
30796;;Вот;ВОТ;PART;;;   _Вот_ // Она /;т;о;в;;;;PART;ВОТ;PART;Т
30797;;//;//;PUNCT;;;;;;;;;;PUNCT;;;
30798;;Она;ОНА;SPRO sg 3p f nom;;; Вот // _Она_ / вообще /;а;н;о;;;;SPRO;ОНА;SPRO sg 3p f nom;А
30799;;/;/;PUNCT;;;;;;;;;;PUNCT;;;
30800;;вообще;ВООБЩЕ;ADV -;;;// Она / _вообще_ / типа ;е;щ;б;о;о;в;ADV;ВООБЩЕ;ADV -;Е
30801;;/;/;PUNCT;;;;;;;;;;PUNCT;;;
30802;;типа;ТИПА;PART;;;/ вообще / _типа_  восьмест ;а;п;и;т;;;PART;ТИПА;PART;А
30803;"<distinct form=""";;;;;;;;;;;;;;;;
30804;<dist>;восьмест;;;;;;;;;;;;;;;
30805;""">";;;;;;;;;;;;;;;;
30806;;восемьдесят;ВОСЕМЬДЕСЯТ;NUM nom - -;;; восьмест  _восемьдесят_  / третьего;т;я;с;е;д;ь;NUM;ВОСЕМЬДЕСЯТ;NUM acc - -;Т
30807;</distinct>;;;;;;;;;;;;;;;;
30808;;/;/;PUNCT;;;;;;;;;;PUNCT;;;
30809;;третьего;ТРЕТИЙ;ANUM - gen sg plen m -;;;восемьдесят  / _третьего_ года рождения нет;о;г;е;ь;т;е;ANUM;ТРЕТИЙ;A - gen sg plen m -;Й
30810;;года;ГОД;S m inan gen sg;;; / третьего _года_ рождения нет ;а;д;о;г;;;S;ГОД;S m inan gen sg;Д
30811;;рождения;РОЖДЕНИЕ;S n inan gen sg;;;/ третьего года _рождения_ нет  восьмест;я;и;н;е;д;ж;S;РОЖДЕНИЕ;S n inan gen sg;Е
30812;;нет;НЕТ;INTJ;;;третьего года рождения _нет_  восьмест ;т;е;н;;;;ADV;НЕТ;ADV -;Т
30813;"<distinct form=""";;;;;;;;;;;;;;;;
30814;<dist>;восьмест;;;;;;;;;;;;;;;
30815;""">";;;;;;;;;;;;;;;;
30816;;восемьдесят;ВОСЕМЬДЕСЯТ;NUM nom - -;;; восьмест  _восемьдесят_  шестого наверное;т;я;с;е;д;ь;NUM;ВОСЕМЬДЕСЯТ;NUM acc - -;Т
30817;</distinct>;;;;;;;;;;;;;;;;
30818;;шестого;ШЕСТОЙ;ANUM - gen sg plen m -;;; восемьдесят  _шестого_ наверное / да;о;г;о;т;с;е;ANUM;ШЕСТОЙ;A - gen sg plen m -;Й
30819;;наверное;НАВЕРНОЕ;PARENTH;;;восемьдесят  шестого _наверное_ / да /;е;о;н;р;е;в;ADV;НАВЕРНОЕ;ADV -;Е
30820;;/;/;PUNCT;;;;;;;;;;PUNCT;;;
30821;;да;ДА;INTJ;;;шестого наверное / _да_ / ну она;а;д;;;;;CONJ;ДА;CONJ;А
30822;;/;/;PUNCT;;;;;;;;;;PUNCT;;;
30823;;ну;НУ;PART;;;/ да / _ну_ она вступила в;у;н;;;;;PART;НУ;PART;У
30824;;она;ОНА;SPRO sg 3p f nom;;;да / ну _она_ вступила в партию;а;н;о;;;;SPRO;ОНА;SPRO sg 3p f nom;А
30825;;вступила;ВСТУПИТЬ;V pf praet sg indic f -;;;/ ну она _вступила_ в партию /;а;л;и;п;у;т;V;ВСТУПИТЬ;V pf praet sg indic f -;Ь
30826;;в;В;PR;;;ну она вступила _в_ партию / где-то;в;;;;;;PR;В;PR;В
30827;;партию;ПАРТИЯ;S f inan acc sg;;;она вступила в _партию_ / где-то в;ю;и;т;р;а;п;S;ПАРТИЯ;S f inan acc sg;Я
30828;;/;/;PUNCT;;;;;;;;;;PUNCT;;;
30829;;где-то;ГДЕ-ТО;ADV -;;;в партию / _где-то_ в тысяча девятьсот;о;т;-;е;д;г;ADV;ГДЕ-ТО;ADV -;О
30830;;в;В;PR;;;партию / где-то _в_ тысяча девятьсот десятом;в;;;;;;PR;В;PR;В
30831;;тысяча;ТЫСЯЧА;S f inan nom -;;;/ где-то в _тысяча_ девятьсот десятом году;а;ч;я;с;ы;т;S;ТЫСЯЧА;S f inan nom -;А
30832;;девятьсот;ДЕВЯТЬСОТ;NUM nom - -;;;где-то в тысяча _девятьсот_ десятом году наверное;т;о;с;ь;т;я;NUM;ДЕВЯТЬСОТ;NUM acc - -;Т
30833;;десятом;ДЕСЯТЫЙ;ANUM - loc sg plen m -;;;в тысяча девятьсот _десятом_ году наверное ;м;о;т;я;с;е;ANUM;ДЕСЯТЫЙ;A - loc sg plen m -;Й
30834;;году;ГОД;S m inan loc2 sg;;;тысяча девятьсот десятом _году_ наверное  ;у;д;о;г;;;S;ГОД;S m inan loc2 sg;Д
30835;;наверное;НАВЕРНОЕ;PARENTH;;;девятьсот десятом году _наверное_   ;е;о;н;р;е;в;ADV;НАВЕРНОЕ;ADV -;Е
30836;;;;;;;;;;;;;;;;;
30837;# sent = 2371;;;;;;;;;;;;;;;;
30838;# speaker = Алина;;;;;;;;;;;;;;;;
30839;# sent = 2372;;;;;;;;;;;;;;;;
30840;;М;М;NONLEX;слитно;;   _М_ - хм ;м;;;;;;INTJ;М;S - - nonflex -;М
30841;;-;-;PUNCT;;;;;;;;;;PUNCT;;;
30842;;хм;ХМ;INTJ;;; М - _хм_   ;м;х;;;;;INTJ;ХМ;INTJ;М
30843;;;;;;;;;;;;;;;;;
30844;# sent = 2373;;;;;;;;;;;;;;;;
30845;# speaker = Мирон;;;;;;;;;;;;;;;;
30846;# sent = 2374;;;;;;;;;;;;;;;;
30847;;Она;ОНА;SPRO sg 3p f nom;;;   _Она_ / пришла до;а;н;о;;;;SPRO;ОНА;SPRO sg 3p f nom;А
30848;;/;/;PUNCT;;;;;;;;;;PUNCT;;;
30849;;пришла;ПРИЙТИ;V pf praet sg indic f -;;; Она / _пришла_ до  восьмест;а;л;ш;и;р;п;V;ПРИЙТИ;V pf praet sg indic f -;И
30850;;до;ДО;PR;;;Она / пришла _до_  восьмест ;о;д;;;;;PR;ДО;PR;О
30851;"<distinct form=""";;;;;;;;;;;;;;;;
30852;<dist>;восьмест;;;;;;;;;;;;;;;
30853;""">";;;;;;;;;;;;;;;;
30854;;восемьдесят;ВОСЕМЬДЕСЯТ;NUM nom - -;;; восьмест  _восемьдесят_  третьего года;т;я;с;е;д;ь;NUM;ВОСЕМЬДЕСЯТ;NUM acc - -;Т
30855;</distinct>;;;;;;;;;;;;;;;;
30856;;третьего;ТРЕТИЙ;ANUM - gen sg plen m -;;; восемьдесят  _третьего_ года / из-за;о;г;е;ь;т;е;ANUM;ТРЕТИЙ;A - gen sg plen m -;Й
30857;;года;ГОД;S m inan gen sg;;;восемьдесят  третьего _года_ / из-за этого;а;д;о;г;;;S;ГОД;S m inan gen sg;Д
30858;;/;/;PUNCT;;;;;;;;;;PUNCT;;;
30859;;из-за;ИЗ-ЗА;PR;;;третьего года / _из-за_ этого вся моя;а;з;-;з;и;;PR;ИЗ-ЗА;PR;А
30860;;этого;ЭТО;SPRO n - gen sg;;;года / из-за _этого_ вся моя жи;о;г;о;т;э;;SPRO;ЭТО;S n - gen sg;О
30861;;вся;ВЕСЬ;APRO - nom sg plen f -;;;/ из-за этого _вся_ моя жи ...;я;с;в;;;;APRO;ВЕСЬ;A - nom sg plen f -;Ь
30862;;моя;МОЙ;APRO - nom sg plen f -;;;из-за этого вся _моя_ жи ... семья;я;о;м;;;;APRO;МОЙ;A - nom sg plen f -;Й
30863;;жи;ЖИ;NONLEX;;;этого вся моя _жи_ ... семья до;и;ж;;;;;NONLEX;ЖИ;NONLEX;И
30864;;...;...;PUNCT;;;;;;;;;;PUNCT;;;
30865;;семья;СЕМЬЯ;S f inan nom sg;;;моя жи ... _семья_ до  восьмест;я;ь;м;е;с;;S;СЕМЬЯ;S f inan nom sg;Я
30866;;до;ДО;PR;;;жи ... семья _до_  восьмест ;о;д;;;;;PR;ДО;PR;О
30867;"<distinct form=""";;;;;;;;;;;;;;;;
30868;<dist>;восьмест;;;;;;;;;;;;;;;
30869;""">";;;;;;;;;;;;;;;;
30870;;восемьдесят;ВОСЕМЬДЕСЯТ;NUM nom - -;;; восьмест  _восемьдесят_  третьего года;т;я;с;е;д;ь;NUM;ВОСЕМЬДЕСЯТ;NUM acc - -;Т
30871;</distinct>;;;;;;;;;;;;;;;;
30872;;третьего;ТРЕТИЙ;ANUM - gen sg plen m -;;; восемьдесят  _третьего_ года жила на;о;г;е;ь;т;е;ANUM;ТРЕТИЙ;A - gen sg plen m -;Й
30873;;года;ГОД;S m inan gen sg;;;восемьдесят  третьего _года_ жила на партийных;а;д;о;г;;;S;ГОД;S m inan gen sg;Д
30874;;жила;ЖИТЬ;V ipf praet sg indic f -;;; третьего года _жила_ на партийных пайках;а;л;и;ж;;;V;ЖИТЬ;V ipf praet sg indic f -;Ь
30875;;на;НА;PR;;;третьего года жила _на_ партийных пайках //;а;н;;;;;PR;НА;PR;А
30876;;партийных;ПАРТИЙНЫЙ;A - loc pl plen - -;;;года жила на _партийных_ пайках // ;х;ы;н;й;и;т;A;ПАРТИЙНЫЙ;A - loc pl plen - -;Й
30877;;пайках;ПАЕК;S m inan loc pl;;;жила на партийных _пайках_ //  Чё;х;а;к;й;а;п;S;ПАЕК;S m inan loc pl;К
30878;;//;//;PUNCT;;;;;;;;;;PUNCT;;;
30879;"<distinct form=""";;;;;;;;;;;;;;;;
30880;<dist>;Чё;;;;;;;;;;;;;;;
30881;""">";;;;;;;;;;;;;;;;
30882;;Что;ЧТО;SPRO n inan nom sg;;; Чё  _Что_  там ещё;о;т;ч;;;;SPRO;ЧТО;S n - acc sg;О
30883;</distinct>;;;;;;;;;;;;;;;;
30884;;там;ТАМ;ADV -;;; Что  _там_ ещё / Она;м;а;т;;;;ADV;ТАМ;ADV -;М
30885;;ещё;ЕЩЕ;ADV -;;;Что  там _ещё_ / Она /;ё;щ;е;;;;ADV;ЕЩЕ;ADV -;Е
30886;;/;/;PUNCT;;;;;;;;;;PUNCT;;;
30887;;Она;ОНА;SPRO sg 3p f nom;;;там ещё / _Она_ / умирающему Ленину;а;н;о;;;;SPRO;ОНА;SPRO sg 3p f nom;А
30888;;/;/;PUNCT;;;;;;;;;;PUNCT;;;
30889;;умирающему;УМИРАТЬ;PARTCP ipf inpraes dat sg plen m act -;;;/ Она / _умирающему_ Ленину играла аппассионату;у;м;е;щ;ю;а;PARTCP;УМИРАТЬ;PARTCP ipf inpraes dat sg plen m act -;Ь
30890;;Ленину;ЛЕНИН;S m persn dat sg;;;Она / умирающему _Ленину_ играла аппассионату на;у;н;и;н;е;л;S;ЛЕНИН;S m anim dat sg;Н
30891;;играла;ИГРАТЬ;V ipf praet sg indic f -;;;/ умирающему Ленину _играла_ аппассионату на фоно;а;л;а;р;г;и;V;ИГРАТЬ;V ipf praet sg indic f -;Ь
30892;;аппассионату;АППАССИОНАТА;S f inan acc sg;;;умирающему Ленину играла _аппассионату_ на фоно ;у;т;а;н;о;и;S;АППАССИОНАТА;S f inan acc sg;А
30893;;на;НА;PR;;;Ленину играла аппассионату _на_ фоно  ;а;н;;;;;PR;НА;PR;А
30894;;фоно;ФОНО;S n inan loc sg;bastard;;играла аппассионату на _фоно_   ;о;н;о;ф;;;S;ФОНО;S m inan nonflex -;О
30895;;;;;;;;;;;;;;;;;
30896;# sent = 2375;;;;;;;;;;;;;;;;
30897;# speaker = Алина;;;;;;;;;;;;;;;;
30898;# sent = 2376;;;;;;;;;;;;;;;;
30899;;Серьёзно;СЕРЬЕЗНО;ADV -;;;   _Серьёзно_ ?  ;о;н;з;ё;ь;р;ADV;СЕРЬЕЗНО;ADV -;О
30900;;?;?;PUNCT;;;;;;;;;;PUNCT;;;
30901;;;;;;;;;;;;;;;;;
30902;# sent = 2377;;;;;;;;;;;;;;;;
30903;# speaker = Мирон;;;;;;;;;;;;;;;;
30904;# sent = 2378;;;;;;;;;;;;;;;;
30905;;Да;ДА;INTJ;;;   _Да_   ;а;д;;;;;CONJ;ДА;CONJ;А
30906;;;;;;;;;;;;;;;;;
30907;# sent = 2379;;;;;;;;;;;;;;;;
30908;# speaker = Алина;;;;;;;;;;;;;;;;
30909;# sent = 2380;;;;;;;;;;;;;;;;
30910;;Серьёзно;СЕРЬЕЗНО;ADV -;;;   _Серьёзно_ ?  ;о;н;з;ё;ь;р;ADV;СЕРЬЕЗНО;ADV -;О
30911;;?;?;PUNCT;;;;;;;;;;PUNCT;;;
30912;;;;;;;;;;;;;;;;;
30913;# sent = 2381;;;;;;;;;;;;;;;;
30914;# speaker = Мирон;;;;;;;;;;;;;;;;
30915;# sent = 2382;;;;;;;;;;;;;;;;
30916;;Да;ДА;INTJ;;;   _Да_   ;а;д;;;;;CONJ;ДА;CONJ;А
30917;;;;;;;;;;;;;;;;;
30918;# sent = 2383;;;;;;;;;;;;;;;;
30919;# speaker = Алина;;;;;;;;;;;;;;;;
30920;# sent = 2384;;;;;;;;;;;;;;;;
30921;;Как;КАК;ADV -;;;   _Как_ ?  ;к;а;к;;;;ADV;КАК;ADV -;К
30922;;?;?;PUNCT;;;;;;;;;;PUNCT;;;
30923;;;;;;;;;;;;;;;;;
30924;# sent = 2385;;;;;;;;;;;;;;;;
30925;;Ну;НУ;PART;;;?   _Ну_ как это такое;у;н;;;;;PART;НУ;PART;У
30926;;как;КАК;ADV -;;;  Ну _как_ это такое ;к;а;к;;;;ADV;КАК;ADV -;К
30927;;это;ЭТО;SPRO n - nom sg;;; Ну как _это_ такое  ;о;т;э;;;;SPRO;ЭТО;S n - nom sg;О
30928;;такое;ТАКОЙ;APRO - nom sg plen n -;;;Ну как это _такое_   ;е;о;к;а;т;;APRO;ТАКОЙ;A - nom sg plen n -;Й
30929;;;;;;;;;;;;;;;;;
30930;# sent = 2386;;;;;;;;;;;;;;;;
30931;# speaker = Мирон;;;;;;;;;;;;;;;;
30932;# sent = 2387;;;;;;;;;;;;;;;;
30933;;Ну;НУ;PART;;;   _Ну_ так типа /;у;н;;;;;PART;НУ;PART;У
30934;;так;ТАК;ADV -;;;  Ну _так_ типа / она;к;а;т;;;;ADV;ТАК;ADV -;К
30935;;типа;ТИПА;PART;;; Ну так _типа_ / она же;а;п;и;т;;;PART;ТИПА;PART;А
30936;;/;/;PUNCT;;;;;;;;;;PUNCT;;;
30937;;она;ОНА;SPRO sg 3p f nom;;;так типа / _она_ же старый член;а;н;о;;;;SPRO;ОНА;SPRO sg 3p f nom;А
30938;;же;ЖЕ;PART;;;типа / она _же_ старый член партии;е;ж;;;;;PART;ЖЕ;PART;Е
30939;;старый;СТАРЫЙ;A - nom sg plen m -;;;/ она же _старый_ член партии /;й;ы;р;а;т;с;A;СТАРЫЙ;A - nom sg plen m -;Й
30940;;член;ЧЛЕН;S m inan nom sg;;;она же старый _член_ партии / старый;н;е;л;ч;;;S;ЧЛЕН;S m inan nom sg;Н
30941;;партии;ПАРТИЯ;S f inan gen sg;;;же старый член _партии_ / старый его;и;и;т;р;а;п;S;ПАРТИЯ;S f inan gen sg;Я
30942;;/;/;PUNCT;;;;;;;;;;PUNCT;;;
30943;;старый;СТАРЫЙ;A - nom sg plen m -;;;член партии / _старый_ его  знаком;й;ы;р;а;т;с;A;СТАРЫЙ;A - nom sg plen m -;Й
30944;;его;ОН;SPRO sg 3p m gen;;;партии / старый _его_  знаком ;о;г;е;;;;SPRO;ОН;SPRO sg 3p m acc;Н
30945;"<distinct form=""";;;;;;;;;;;;;;;;
30946;<dist>;знаком;;;;;;;;;;;;;;;
30947;""">";;;;;;;;;;;;;;;;
30948;;знакомый;ЗНАКОМЫЙ;NONLEX;слитно;; знаком  _знакомый_  знакомый //;й;ы;м;о;к;а;A;ЗНАКОМЫЙ;A - nom sg plen m -;Й
30949;</distinct>;;;;;;;;;;;;;;;;
30950;;знакомый;ЗНАКОМЫЙ;A - nom sg plen m -;;; знакомый  _знакомый_ //  Иии;й;ы;м;о;к;а;A;ЗНАКОМЫЙ;A - nom sg plen m -;Й
30951;;//;//;PUNCT;;;;;;;;;;PUNCT;;;
30952;"<distinct form=""";;;;;;;;;;;;;;;;
30953;<dist>;Иии;;;;;;;;;;;;;;;
30954;""">";;;;;;;;;;;;;;;;
30955;;и;И;CONJ;;; Иии  _и_  / типа;и;;;;;;CONJ;И;CONJ;И
30956;</distinct>;;;;;;;;;;;;;;;;
30957;;/;/;PUNCT;;;;;;;;;;PUNCT;;;
30958;;типа;ТИПА;PART;;;и  / _типа_ / Ленин тогда;а;п;и;т;;;PART;ТИПА;PART;А
30959;;/;/;PUNCT;;;;;;;;;;PUNCT;;;
30960;;Ленин;ЛЕНИН;S m persn nom sg;;;/ типа / _Ленин_ тогда в двадцать;н;и;н;е;л;;S;ЛЕНИН;S m anim nom sg;Н
30961;;тогда;ТОГДА;ADV -;;;типа / Ленин _тогда_ в двадцать шестом;а;д;г;о;т;;ADV;ТОГДА;ADV -;А
30962;;в;В;PR;;;/ Ленин тогда _в_ двадцать шестом наверное;в;;;;;;PR;В;PR;В
30963;;двадцать;ДВАДЦАТЬ;NUM nom - -;;;Ленин тогда в _двадцать_ шестом наверное умер;ь;т;а;ц;д;а;NUM;ДВАДЦАТЬ;NUM acc - -;Ь
30964;;шестом;ШЕСТОЙ;ANUM - loc sg plen m -;;;тогда в двадцать _шестом_ наверное умер году;м;о;т;с;е;ш;ANUM;ШЕСТОЙ;A - loc sg plen m -;Й
30965;;наверное;НАВЕРНОЕ;PARENTH;;;в двадцать шестом _наверное_ умер году /;е;о;н;р;е;в;ADV;НАВЕРНОЕ;ADV -;Е
30966;;умер;УМЕРЕТЬ;V pf praet sg indic m -;;;двадцать шестом наверное _умер_ году / ;р;е;м;у;;;V;УМЕРЕТЬ;V pf praet sg indic m -;Ь
30967;;году;ГОД;S m inan loc2 sg;;;шестом наверное умер _году_ /  у;у;д;о;г;;;S;ГОД;S m inan dat sg;Д
30968;;/;/;PUNCT;;;;;;;;;;PUNCT;;;
30969;"<distinct form=""";;;;;;;;;;;;;;;;
30970;<dist>;у;;;;;;;;;;;;;;;
30971;<dist>;-;;;;;;;;;;;;;;;
30972;<dist>;у;;;;;;;;;;;;;;;
30973;<dist>;-;;;;;;;;;;;;;;;
30974;<dist>;уже;;;;;;;;;;;;;;;
30975;""">";;;;;;;;;;;;;;;;
30976;;уже;УЖЕ;ADV -;;;- уже  _уже_  умирал из-за;е;ж;у;;;;ADV;УЖЕ;ADV -;Е
30977;</distinct>;;;;;;;;;;;;;;;;
30978;;умирал;УМИРАТЬ;V ipf praet sg indic m -;;; уже  _умирал_ из-за своей какой-то;л;а;р;и;м;у;V;УМИРАТЬ;V ipf praet sg indic m -;Ь
30979;;из-за;ИЗ-ЗА;PR;;;уже  умирал _из-за_ своей какой-то болезни;а;з;-;з;и;;PR;ИЗ-ЗА;PR;А
30980;;своей;СВОЙ;APRO - gen sg plen f -;;; умирал из-за _своей_ какой-то болезни с;й;е;о;в;с;;APRO;СВОЙ;A - loc sg plen f -;Й
30981;;какой-то;КАКОЙ-ТО;APRO - gen sg plen f -;;;умирал из-за своей _какой-то_ болезни с мозгом;о;т;-;й;о;к;APRO;КАКОЙ-ТО;A - loc sg plen f -;О
30982;;болезни;БОЛЕЗНЬ;S f inan gen sg;;;из-за своей какой-то _болезни_ с мозгом /;и;н;з;е;л;о;S;БОЛЕЗНЬ;S f inan gen sg;Ь
30983;;с;С;PR;;;своей какой-то болезни _с_ мозгом / ;с;;;;;;PR;С;PR;С
30984;;мозгом;МОЗГ;S m inan ins sg;;;какой-то болезни с _мозгом_ /  му;м;о;г;з;о;м;S;МОЗГ;S m inan ins sg;Г
30985;;/;/;PUNCT;;;;;;;;;;PUNCT;;;
30986;"<distinct form=""";;;;;;;;;;;;;;;;
30987;<dist>;му;;;;;;;;;;;;;;;
30988;""">";;;;;;;;;;;;;;;;
30989;;ему;ОН;SPRO sg 3p m dat;;; му  _ему_  требовалось какое-то;у;м;е;;;;SPRO;ОН;SPRO sg 3p m dat;Н
30990;</distinct>;;;;;;;;;;;;;;;;
30991;;требовалось;ТРЕБОВАТЬСЯ;V ipf praet sg med n -;;; ему  _требовалось_ какое-то успокоение /;ь;с;о;л;а;в;V;ТРЕБОВАТЬСЯ;V ipf praet sg indic n -;Я
30992;;какое-то;КАКОЙ-ТО;APRO - nom sg plen n -;;;ему  требовалось _какое-то_ успокоение / а;о;т;-;е;о;к;APRO;КАКОЙ-ТО;A - nom sg plen n -;О
30993;;успокоение;УСПОКОЕНИЕ;S n inan nom sg;;; требовалось какое-то _успокоение_ / а она;е;и;н;е;о;к;S;УСПОКОЕНИЕ;S n inan nom sg;Е
30994;;/;/;PUNCT;;;;;;;;;;PUNCT;;;
30995;;а;А;CONJ;;;какое-то успокоение / _а_ она все равно в;а;;;;;;CONJ;А;CONJ;А
30996;;она;ОНА;SPRO sg 3p f nom;;;успокоение / а _она_ все равно в партии;а;н;о;;;;SPRO;ОНА;SPRO sg 3p f nom;А
30997;;все равно;все равно;ADV -;;;/ а она _все равно_ в партии ничего;о;н;в;а;р; ;ADV;все равно;ADV -;о
30998;;в;В;PR;;;а она все равно _в_ партии ничего не;в;;;;;;PR;В;PR;В
30999;;партии;ПАРТИЯ;S f inan loc sg;;;она все равно в _партии_ ничего не делала;и;и;т;р;а;п;S;ПАРТИЯ;S f inan gen sg;Я
31000;;ничего;НИЧТО;SPRO n inan gen sg;;;все равно в партии _ничего_ не делала просто;о;г;е;ч;и;н;SPRO;НИЧТО;S n - gen sg;О
31001;;не;НЕ;PART;;;в партии ничего _не_ делала просто как бы;е;н;;;;;PART;НЕ;PART;Е
31002;;делала;ДЕЛАТЬ;V ipf praet sg indic f -;;;партии ничего не _делала_ просто как бы ;а;л;а;л;е;д;V;ДЕЛАТЬ;V ipf praet sg indic f -;Ь
31003;;просто;ПРОСТО;PART;;;ничего не делала _просто_ как бы  ;о;т;с;о;р;п;PART;ПРОСТО;PART;О
31004;;как бы;как бы;PART;;;не делала просто _как бы_   ;ы;б; ;к;а;к;PART;как бы;ADV -;ы
31005;;;;;;;;;;;;;;;;;
31006;# sent = 2388;;;;;;;;;;;;;;;;
31007;# speaker = Алина;;;;;;;;;;;;;;;;
31008;# sent = 2389;;;;;;;;;;;;;;;;
31009;;Играла;ИГРАТЬ;V ipf praet sg indic f -;;;   _Играла_ всем аппассионату на;а;л;а;р;г;и;V;ИГРАТЬ;V ipf praet sg indic f -;Ь
31010;;всем;ВСЕ;APRO dat pl;;;  Играла _всем_ аппассионату на фоно;м;е;с;в;;;S;ВСЕ;S - - dat pl;Е
31011;;аппассионату;АППАССИОНАТА;S f inan acc sg;;; Играла всем _аппассионату_ на фоно ?;у;т;а;н;о;и;S;АППАССИОНАТА;S m inan gen sg;А
31012;;на;НА;PR;;;Играла всем аппассионату _на_ фоно ? ;а;н;;;;;PR;НА;PR;А
31013;;фоно;ФОНО;S n inan loc sg;bastard;;всем аппассионату на _фоно_ ?  ;о;н;о;ф;;;S;ФОНО;S m inan nonflex -;О
31014;;?;?;PUNCT;;;;;;;;;;PUNCT;;;
31015;;;;;;;;;;;;;;;;;
31016;# sent = 2390;;;;;;;;;;;;;;;;
31017;# speaker = Мирон;;;;;;;;;;;;;;;;
31018;# sent = 2391;;;;;;;;;;;;;;;;
31019;;Вот;ВОТ;PART;;;   _Вот_ //  Иии;т;о;в;;;;PART;ВОТ;PART;Т
31020;;//;//;PUNCT;;;;;;;;;;PUNCT;;;
31021;"<distinct form=""";;;;;;;;;;;;;;;;
31022;<dist>;Иии;;;;;;;;;;;;;;;
31023;""">";;;;;;;;;;;;;;;;
31024;;и;И;CONJ;;; Иии  _и_  / она;и;;;;;;CONJ;И;CONJ;И
31025;</distinct>;;;;;;;;;;;;;;;;
31026;;/;/;PUNCT;;;;;;;;;;PUNCT;;;
31027;;она;ОНА;SPRO sg 3p f nom;;;и  / _она_ занималась только собсно;а;н;о;;;;SPRO;ОНА;SPRO sg 3p f nom;А
31028;;занималась;ЗАНИМАТЬСЯ;V ipf praet sg indic f -;;; / она _занималась_ только собсно играла;ь;с;а;л;а;м;V;ЗАНИМАТЬСЯ;V ipf praet sg indic f -;Я
31029;;только;ТОЛЬКО;ADV;;;/ она занималась _только_ собсно играла аппассионату;о;к;ь;л;о;т;PART;ТОЛЬКО;PART;О
31030;;собсно;СОБСНО;PARENTH;distort;;она занималась только _собсно_ играла аппассионату ии;о;н;с;б;о;с;ADV;СОБСНО;ADV -;О
31031;;играла;ИГРАТЬ;V ipf praet sg indic f -;;;занималась только собсно _играла_ аппассионату ии но;а;л;а;р;г;и;V;ИГРАТЬ;V ipf praet sg indic f -;Ь
31032;;аппассионату;АППАССИОНАТА;S f inan acc sg;;;только собсно играла _аппассионату_ ии но /;у;т;а;н;о;и;S;АППАССИОНАТА;S f inan acc sg;А
31033;;ии;И;CONJ;distort;;собсно играла аппассионату _ии_ но / ии;и;и;;;;;CONJ;ИЯ;S f anim loc sg;И
31034;;но;НО;CONJ;;;играла аппассионату ии _но_ / ии поэтому;о;н;;;;;CONJ;НО;CONJ;О
31035;;/;/;PUNCT;;;;;;;;;;PUNCT;;;
31036;;ии;И;CONJ;distort;;ии но / _ии_ поэтому / во-первых;и;и;;;;;CONJ;ИЯ;S f anim loc sg;И
31037;;поэтому;ПОЭТОМУ;ADV -;;;но / ии _поэтому_ / во-первых потому что;у;м;о;т;э;о;ADV;ПОЭТОМУ;ADV -;У
31038;;/;/;PUNCT;;;;;;;;;;PUNCT;;;
31039;;во-первых;ВО-ПЕРВЫХ;PARENTH;;;ии поэтому / _во-первых_ потому что она старый;х;ы;в;р;е;п;ADV;ВО-ПЕРВЫХ;ADV -;Х
31040;;потому что;потому что;CONJ;;;поэтому / во-первых _потому что_ она старый член;о;т;ч; ;у;м;CONJ;потому что;CONJ;о
31041;;она;ОНА;SPRO sg 3p f nom;;;/ во-первых потому что _она_ старый член партии;а;н;о;;;;SPRO;ОНА;SPRO sg 3p f nom;А
31042;;старый;СТАРЫЙ;A - nom sg plen m -;;;во-первых потому что она _старый_ член партии /;й;ы;р;а;т;с;A;СТАРЫЙ;A - nom sg plen m -;Й
31043;;член;ЧЛЕН;S m inan nom sg;;;потому что она старый _член_ партии / во-вторых;н;е;л;ч;;;S;ЧЛЕН;S m inan nom sg;Н
31044;;партии;ПАРТИЯ;S f inan gen sg;;;она старый член _партии_ / во-вторых потому что;и;и;т;р;а;п;S;ПАРТИЯ;S f inan gen sg;Я
31045;;/;/;PUNCT;;;;;;;;;;PUNCT;;;
31046;;во-вторых;ВО-ВТОРЫХ;PARENTH;;;член партии / _во-вторых_ потому что она ничерта;х;ы;р;о;т;в;ADV;ВО-ВТОРЫХ;ADV -;Х
31047;;потому что;потому что;CONJ;;;партии / во-вторых _потому что_ она ничерта не;о;т;ч; ;у;м;CONJ;потому что;CONJ;о
31048;;она;ОНА;SPRO sg 3p f nom;;;/ во-вторых потому что _она_ ничерта не сделала;а;н;о;;;;SPRO;ОНА;SPRO sg 3p f nom;А
31049;;ничерта;ни черта;ADV;;;во-вторых потому что она _ничерта_ не сделала /;а;т;р;е;ч;и;ADV;НИЧЕРТ;S m anim acc sg;а
31050;;не;НЕ;PART;;;потому что она ничерта _не_ сделала / неразборчиво;е;н;;;;;PART;НЕ;PART;Е
31051;;сделала;СДЕЛАТЬ;V pf praet sg indic f -;;;она ничерта не _сделала_ / неразборчиво её;а;л;а;л;е;д;V;СДЕЛАТЬ;V pf praet sg indic f -;Ь
31052;;/;/;PUNCT;;;;;;;;;;PUNCT;;;
31053;;неразборчиво;НЕРАЗБОРЧИВО;NONLEX;неразмеченный по недосмотру тег;;не сделала / _неразборчиво_ её / её;о;в;и;ч;р;о;ADV;НЕРАЗБОРЧИВО;ADV -;О
31054;;её;ОНА;SPRO sg 3p f acc;;;сделала / неразборчиво _её_ / её не;ё;е;;;;;SPRO;ОНА;SPRO sg 3p f acc;А
31055;;/;/;PUNCT;;;;;;;;;;PUNCT;;;
31056;;её;ОНА;SPRO sg 3p f acc;;;неразборчиво её / _её_ не репрессировали ;ё;е;;;;;SPRO;ОНА;SPRO sg 3p f acc;А
31057;;не;НЕ;PART;;;её / её _не_ репрессировали  соответсно;е;н;;;;;PART;НЕ;PART;Е
31058;;репрессировали;РЕПРЕССИРОВАТЬ;V pf praet pl indic - -;;;/ её не _репрессировали_  соответсно ;и;л;а;в;о;р;V;РЕПРЕССИРОВАТЬ;V pf praet pl indic - -;Ь
31059;"<distinct form=""";;;;;;;;;;;;;;;;
31060;<dist>;соответсно;;;;;;;;;;;;;;;
31061;""">";;;;;;;;;;;;;;;;
31062;;соответственно;СООТВЕТСТВЕННО;PARENTH;;; соответсно  _cjjndtncndtyyj_  ни в;j;y;y;t;d;n;NONLEX;CJJNDTNCNDTYYJ;NONLEX;О
31063;</distinct>;;;;;;;;;;;;;;;;
31064;;ни;НИ;PART;;; cjjndtncndtyyj  _ни_ в тридцатые ни;и;н;;;;;PART;НИ;PART;И
31065;;в;В;PR;;;cjjndtncndtyyj  ни _в_ тридцатые ни в;в;;;;;;PR;В;PR;В
31066;;тридцатые;ТРИДЦАТЫЙ;ANUM - acc pl plen - inan;;; ни в _тридцатые_ ни в пятидесятые;е;ы;т;а;ц;д;ANUM;ТРИДЦАТЫЙ;A - acc pl plen - inan;Й
31067;;ни;НИ;CONJ;;;ни в тридцатые _ни_ в пятидесятые /;и;н;;;;;CONJ;НИ;CONJ;И
31068;;в;В;PR;;;в тридцатые ни _в_ пятидесятые / ни;в;;;;;;PR;В;PR;В
31069;;пятидесятые;ПЯТИДЕСЯТЫЙ;ANUM - acc pl plen - inan;;;тридцатые ни в _пятидесятые_ / ни в;е;ы;т;я;с;е;ANUM;ПЯТИДЕСЯТЫЙ;A - acc pl plen - inan;Й
31070;;/;/;PUNCT;;;;;;;;;;PUNCT;;;
31071;;ни;НИ;CONJ;;;в пятидесятые / _ни_ в семидесятые //;и;н;;;;;CONJ;НИ;CONJ;И
31072;;в;В;PR;;;пятидесятые / ни _в_ семидесятые // Вот;в;;;;;;PR;В;PR;В
31073;;семидесятые;СЕМИДЕСЯТЫЙ;ANUM - acc pl plen - inan;;;/ ни в _семидесятые_ // Вот /;е;ы;т;я;с;е;ANUM;СЕМИДЕСЯТЫЙ;A - acc pl plen - inan;Й
31074;;//;//;PUNCT;;;;;;;;;;PUNCT;;;
31075;;Вот;ВОТ;PART;;;в семидесятые // _Вот_ / она спокойно;т;о;в;;;;PART;ВОТ;PART;Т
31076;;/;/;PUNCT;;;;;;;;;;PUNCT;;;
31077;;она;ОНА;SPRO sg 3p f nom;;;// Вот / _она_ спокойно пережила все;а;н;о;;;;SPRO;ОНА;SPRO sg 3p f nom;А
31078;;спокойно;СПОКОЙНО;ADV -;;;Вот / она _спокойно_ пережила все эти;о;н;й;о;к;о;ADV;СПОКОЙНО;ADV -;О
31079;;пережила;ПЕРЕЖИТЬ;V pf praet sg indic f -;;;/ она спокойно _пережила_ все эти периоды;а;л;и;ж;е;р;V;ПЕРЕЖИТЬ;V pf praet sg indic f -;Ь
31080;;все;ВЕСЬ;APRO - acc pl plen - -;;;она спокойно пережила _все_ эти периоды ;е;с;в;;;;APRO;ВЕСЬ;A - nom pl plen - -;Ь
31081;;эти;ЭТОТ;APRO - acc pl plen - -;;;спокойно пережила все _эти_ периоды  ;и;т;э;;;;APRO;ЭТОТ;A - nom pl plen - -;Т
31082;;периоды;ПЕРИОД;S m inan acc pl;;;пережила все эти _периоды_   ;ы;д;о;и;р;е;S;ПЕРИОД;S m inan nom pl;Д
31083;;;;;;;;;;;;;;;;;
31084;# sent = 2392;;;;;;;;;;;;;;;;
31085;# speaker = Алина;;;;;;;;;;;;;;;;
31086;# sent = 2393;;;;;;;;;;;;;;;;
31087;;Еее;ЕЕЕ;NONLEX;;;   _Еее_ рок  ;е;е;е;;;;NONLEX;ЕЕЕ;NONLEX;Е
31088;;рок;РОК;S m inan nom sg;;;  Еее _рок_   ;к;о;р;;;;S;РОК;S m inan nom sg;К
31089;;;;;;;;;;;;;;;;;
31090;# sent = 2394;;;;;;;;;;;;;;;;
31091;# speaker = Мирон;;;;;;;;;;;;;;;;
31092;# sent = 2395;;;;;;;;;;;;;;;;
31093;"<distinct form=""";;;;;;;;;;;;;;;;
31094;<dist>;Онааа;;;;;;;;;;;;;;;
31095;""">";;;;;;;;;;;;;;;;
31096;;Она;ОНА;SPRO sg 3p f nom;;; Онааа  _Она_  // вышла;а;н;о;;;;SPRO;ОНА;SPRO sg 3p f nom;А
31097;</distinct>;;;;;;;;;;;;;;;;
31098;;//;//;PUNCT;;;;;;;;;;PUNCT;;;
31099;;вышла;ВЫЙТИ;V pf praet sg indic f -;;;Она  // _вышла_ замуж  зааа;а;л;ш;ы;в;;V;ВЫЙТИ;V pf praet sg indic f -;И
31100;;замуж;ЗАМУЖ;ADV -;;; // вышла _замуж_  зааа ;ж;у;м;а;з;;ADV;ЗАМУЖ;ADV -;Ж
31101;"<distinct form=""";;;;;;;;;;;;;;;;
31102;<dist>;зааа;;;;;;;;;;;;;;;
31103;""">";;;;;;;;;;;;;;;;
31104;;за;ЗА;PR;;; зааа  _за_  // ээ;а;з;;;;;PR;ЗА;PR;А
31105;</distinct>;;;;;;;;;;;;;;;;
31106;;//;//;PUNCT;;;;;;;;;;PUNCT;;;
31107;;ээ;ЭЭ;NONLEX;;;за  // _ээ_ // известного наверное;э;э;;;;;NONLEX;ЭЭ;NONLEX;Э
31108;;//;//;PUNCT;;;;;;;;;;PUNCT;;;
31109;;известного;ИЗВЕСТНЫЙ;A - acc sg plen m anim;;;// ээ // _известного_ наверное филолога Льва;о;г;о;н;т;с;A;ИЗВЕСТНЫЙ;A - acc sg plen m anim;Й
31110;;наверное;НАВЕРНОЕ;PARENTH;;;ээ // известного _наверное_ филолога Льва Лебединского;е;о;н;р;е;в;ADV;НАВЕРНОЕ;ADV -;Е
31111;;филолога;ФИЛОЛОГ;S m anim acc sg;;;// известного наверное _филолога_ Льва Лебединского /;а;г;о;л;о;л;S;ФИЛОЛОГ;S m anim gen sg;Г
31112;;Льва;ЛЕВ;S m persn acc sg;;;известного наверное филолога _Льва_ Лебединского / ээ;а;в;ь;л;;;S;ЛЕВ;S m anim gen sg;В
31113;;Лебединского;ЛЕБЕДИНСКИЙ;S m famn acc sg;;;наверное филолога Льва _Лебединского_ / ээ //;о;г;о;к;с;н;S;ЛЕБЕДИНСКИЙ;S m anim gen sg;Й
31114;;/;/;PUNCT;;;;;;;;;;PUNCT;;;
31115;;ээ;ЭЭ;NONLEX;;;Льва Лебединского / _ээ_ // но в;э;э;;;;;NONLEX;ЭЭ;NONLEX;Э
31116;;//;//;PUNCT;;;;;;;;;;PUNCT;;;
31117;;но;НО;CONJ;;;/ ээ // _но_ в общем //;о;н;;;;;CONJ;НО;CONJ;О
31118;;в;В;PR;;;ээ // но _в_ общем // она;в;;;;;;PR;В;PR;В
31119;;общем;ОБЩИЙ;A - loc sg plen m -;;;// но в _общем_ // она была;м;е;щ;б;о;;A;ОБЩИЙ;A - loc sg plen m -;Й
31120;;//;//;PUNCT;;;;;;;;;;PUNCT;;;
31121;;она;ОНА;SPRO sg 3p f nom;;;в общем // _она_ была очень /;а;н;о;;;;SPRO;ОНА;SPRO sg 3p f nom;А
31122;;была;БЫТЬ;V ipf praet sg indic f -;;;общем // она _была_ очень / активная;а;л;ы;б;;;V;БЫТЬ;V ipf praet sg indic f -;Ь
31123;;очень;ОЧЕНЬ;ADV -;;;// она была _очень_ / активная женщинаа;ь;н;е;ч;о;;ADV;ОЧЕНЬ;ADV -;Ь
31124;;/;/;PUNCT;;;;;;;;;;PUNCT;;;
31125;;активная;АКТИВНЫЙ;A - nom sg plen f -;;;была очень / _активная_ женщинаа / и;я;а;н;в;и;т;A;АКТИВНЫЙ;A - nom sg plen f -;Й
31126;;женщина;ЖЕНЩИНА;S f anim nom sg;;;очень / активная _женщинаа_ / и вероятно;а;а;н;и;щ;н;S;ЖЕНЩИНАА;S m inan nonflex -;А
31127;;/;/;PUNCT;;;;;;;;;;PUNCT;;;
31128;;и;И;CONJ;;;активная женщинаа / _и_ вероятно весь феминизм;и;;;;;;CONJ;И;CONJ;И
31129;;вероятно;ВЕРОЯТНО;PARENTH;;;женщинаа / и _вероятно_ весь феминизм во;о;н;т;я;о;р;ADV;ВЕРОЯТНО;ADV -;О
31130;;весь;ВЕСЬ;APRO - nom sg plen m inan;;;/ и вероятно _весь_ феминизм во мне;ь;с;е;в;;;APRO;ВЕСЬ;A - acc sg plen m inan;Ь
31131;;феминизм;ФЕМИНИЗМ;S m inan nom sg;;;и вероятно весь _феминизм_ во мне в;м;з;и;н;и;м;S;ФЕМИНИЗМ;S m inan acc sg;М
31132;;во;ВО;PR;;;вероятно весь феминизм _во_ мне в нее;о;в;;;;;PR;ВО;PR;О
31133;;мне;Я;SPRO sg 1p - loc;;;весь феминизм во _мне_ в нее ;е;н;м;;;;SPRO;Я;SPRO sg 1p - dat;Я
31134;;в;В;PR;;;феминизм во мне _в_ нее  ;в;;;;;;PR;В;PR;В
31135;;нее;ОНА;SPRO sg 3p f acc;;;во мне в _нее_   ;е;е;н;;;;SPRO;ОНА;SPRO sg 3p f acc;А
31136;;;;;;;;;;;;;;;;;
31137;# sent = 2396;;;;;;;;;;;;;;;;
31138;# speaker = Алина;;;;;;;;;;;;;;;;
31139;# sent = 2397;;;;;;;;;;;;;;;;
31140;"<span class=""note"">";;;;;;;;;;;;;;;;
31141;<note>;Фыркает;;;;;;;;;;;;;;;
31142;</span>;;;;;;;;;;;;;;;;
31143;;;;;;;;;;;;;;;;;
31144;# sent = 2398;;;;;;;;;;;;;;;;
31145;# speaker = Мирон;;;;;;;;;;;;;;;;
31146;# sent = 2399;;;;;;;;;;;;;;;;
31147;;Ээ;ЭЭ;NONLEX;;;   _Ээ_ / но в;э;э;;;;;NONLEX;ЭЭ;NONLEX;Э
31148;;/;/;PUNCT;;;;;;;;;;PUNCT;;;
31149;;но;НО;CONJ;;; Ээ / _но_ в общем она;о;н;;;;;CONJ;НО;CONJ;О
31150;;в;В;PR;;;Ээ / но _в_ общем она убедила;в;;;;;;PR;В;PR;В
31151;;общем;ОБЩИЙ;A - loc sg plen m -;;;/ но в _общем_ она убедила своего;м;е;щ;б;о;;A;ОБЩИЙ;A - loc sg plen m -;Й
31152;;она;ОНА;SPRO sg 3p f nom;;;но в общем _она_ убедила своего мужа;а;н;о;;;;SPRO;ОНА;SPRO sg 3p f nom;А
31153;;убедила;УБЕДИТЬ;V pf praet sg indic f -;;;в общем она _убедила_ своего мужа дать;а;л;и;д;е;б;V;УБЕДИТЬ;V pf praet sg indic f -;Ь
31154;;своего;СВОЙ;APRO - acc sg plen m anim;;;общем она убедила _своего_ мужа дать сыну;о;г;е;о;в;с;APRO;СВОЙ;A - acc sg plen m anim;Й
31155;;мужа;МУЖ;S m anim acc sg;;;она убедила своего _мужа_ дать сыну её;а;ж;у;м;;;S;МУЖ;S m anim gen sg;Ж
31156;;дать;ДАТЬ;V pf - - inf - -;;;убедила своего мужа _дать_ сыну её фамилию;ь;т;а;д;;;V;ДАТЬ;V pf - - inf - -;Ь
31157;;сыну;СЫН;S m anim dat sg;;;своего мужа дать _сыну_ её фамилию а;у;н;ы;с;;;S;СЫН;S m anim dat sg;Н
31158;;её;ОНА;APRO sg 3p f acc;;;мужа дать сыну _её_ фамилию а не;ё;е;;;;;SPRO;ЕЕ;A - nonflex - plen - -;А
31159;;фамилию;ФАМИЛИЯ;S f inan acc sg;;;дать сыну её _фамилию_ а не его;ю;и;л;и;м;а;S;ФАМИЛИЯ;S f inan acc sg;Я
31160;;а;А;CONJ;;;сыну её фамилию _а_ не его ;а;;;;;;CONJ;А;CONJ;А
31161;;не;НЕ;PART;;;её фамилию а _не_ его  ;е;н;;;;;PART;НЕ;PART;Е
31162;;его;ОН;APRO sg 3p m acc;;;фамилию а не _его_   ;о;г;е;;;;SPRO;ЕГО;A - nonflex - plen - -;Н
31163;;;;;;;;;;;;;;;;;
31164;# sent = 2400;;;;;;;;;;;;;;;;
31165;# speaker = Алина;;;;;;;;;;;;;;;;
31166;# sent = 2401;;;;;;;;;;;;;;;;
31167;;М;М;NONLEX ;слитно;;   _М_ - хм ;м;;;;;;INTJ;М;S - - nonflex -;М
31168;;-;-;PUNCT;;;;;;;;;;PUNCT;;;
31169;;хм;ХМ;INTJ;;; М - _хм_   ;м;х;;;;;INTJ;ХМ;INTJ;М
31170;;;;;;;;;;;;;;;;;
31171;# sent = 2402;;;;;;;;;;;;;;;;
31172;# speaker = Мирон;;;;;;;;;;;;;;;;
31173;# sent = 2403;;;;;;;;;;;;;;;;
31174;;Хотя;ХОТЯ;CONJ;;;   _Хотя_ я думаю что;я;т;о;х;;;CONJ;ХОТЯ;CONJ;Я
31175;;я;Я;SPRO sg 1p - nom;;;  Хотя _я_ думаю что если;я;;;;;;SPRO;Я;SPRO sg 1p - nom;Я
31176;;думаю;ДУМАТЬ;V ipf praes sg indic - 1p;;; Хотя я _думаю_ что если бы;ю;а;м;у;д;;V;ДУМАТЬ;V ipf praes sg indic - 1p;Ь
31177;;что;ЧТО;CONJ;;;Хотя я думаю _что_ если бы она;о;т;ч;;;;CONJ;ЧТО;CONJ;О
31178;;если;ЕСЛИ;CONJ;;;я думаю что _если_ бы она была;и;л;с;е;;;CONJ;ЕСЛИ;CONJ;И
31179;;бы;БЫ;PART;;;думаю что если _бы_ она была чуть;ы;б;;;;;PART;БЫ;PART;Ы
31180;;она;ОНА;SPRO sg 3p f nom;;;что если бы _она_ была чуть поле;а;н;о;;;;SPRO;ОНА;SPRO sg 3p f nom;А
31181;;была;БЫТЬ;V ipf praet sg indic f -;;;если бы она _была_ чуть поле ...;а;л;ы;б;;;V;БЫТЬ;V ipf praet sg indic f -;Ь
31182;;чуть;ЧУТЬ;ADV -;;;бы она была _чуть_ поле ... э;ь;т;у;ч;;;ADV;ЧУТЬ;ADV -;Ь
31183;;поле;ПОЛЕ;NONLEX;;;она была чуть _поле_ ... э ...;е;л;о;п;;;S;ПОЛЕ;S n inan loc sg;Е
31184;;...;...;PUNCT;;;;;;;;;;PUNCT;;;
31185;;э;Э;INTJ;;;чуть поле ... _э_ ... поактивнее /;э;;;;;;INTJ;Э;S - - nonflex -;Э
31186;;...;...;PUNCT;;;;;;;;;;PUNCT;;;
31187;;поактивнее;АКТИВНО;ADV comp2;;;... э ... _поактивнее_ / тоо /;е;е;н;в;и;т;ADV;АКТИВНО;ADV comp;О
31188;;/;/;PUNCT;;;;;;;;;;PUNCT;;;
31189;;то;ТО;CONJ;;;... поактивнее / _тоо_ / прадеда моего;о;о;т;;;;INTJ;ТОО;S n inan nonflex -;О
31190;;/;/;PUNCT;;;;;;;;;;PUNCT;;;
31191;;прадеда;ПРАДЕД;S m anim acc sg;;;/ тоо / _прадеда_ моего звали бы;а;д;е;д;а;р;S;ПРАДЕД;S m anim gen sg;Д
31192;;моего;МОЙ;APRO - acc sg plen m -;;;тоо / прадеда _моего_ звали бы не;о;г;е;о;м;;APRO;МОЙ;A - gen sg plen m -;Й
31193;;звали;ЗВАТЬ;V ipf praet pl indic - -;;;/ прадеда моего _звали_ бы не Александр;и;л;а;в;з;;V;ЗВАТЬ;V ipf praet pl indic - -;Ь
31194;;бы;БЫ;PART;;;прадеда моего звали _бы_ не Александр Григорьевич;ы;б;;;;;PART;БЫ;PART;Ы
31195;;не;НЕ;PART;;;моего звали бы _не_ Александр Григорьевич а;е;н;;;;;PART;НЕ;PART;Е
31196;;Александр;АЛЕКСАНДР;S m persn nom sg;;;звали бы не _Александр_ Григорьевич а Александр;р;д;н;а;с;к;S;АЛЕКСАНДР;S m anim nom sg;Р
31197;;Григорьевич;ГРИГОРЬЕВИЧ;S m patrn nom sg;;;бы не Александр _Григорьевич_ а Александр Сарович;ч;и;в;е;ь;р;S;ГРИГОРЬЕВИЧ;S m anim nom sg;Ч
31198;;а;А;CONJ;;;не Александр Григорьевич _а_ Александр Сарович ;а;;;;;;CONJ;А;CONJ;А
31199;;Александр;АЛЕКСАНДР;S m persn nom sg;;;Александр Григорьевич а _Александр_ Сарович  ;р;д;н;а;с;к;S;АЛЕКСАНДР;S m anim nom sg;Р
31200;;Сарович;САРОВИЧ;S m patrn nom sg;;;Григорьевич а Александр _Сарович_   ;ч;и;в;о;р;а;S;САРОВИЧ;S m anim nom sg;Ч
31201;;;;;;;;;;;;;;;;;
31202;# sent = 2404;;;;;;;;;;;;;;;;
31203;# speaker = Алина;;;;;;;;;;;;;;;;
31204;# sent = 2405;;;;;;;;;;;;;;;;
31205;"<span class=""note"">";;;;;;;;;;;;;;;;
31206;<note>;Фыркает;;;;;;;;;;;;;;;
31207;</span>;;;;;;;;;;;;;;;;
31208;"<distinct form=""";;;;;;;;;;;;;;;;
31209;<dist>;Не;;;;;;;;;;;;;;;
31210;""">";;;;;;;;;;;;;;;;
31211;;Нет;НЕТ;INTJ;;; Не  _Нет_  / звучит;т;е;н;;;;PART;НЕТ;PART;Т
31212;</distinct>;;;;;;;;;;;;;;;;
31213;;/;/;PUNCT;;;;;;;;;;PUNCT;;;
31214;;звучит;ЗВУЧАТЬ;V ipf praes sg indic - 3p;;;Нет  / _звучит_ хорошо  ;т;и;ч;у;в;з;V;ЗВУЧАТЬ;V ipf praes sg indic - 3p;Ь
31215;;хорошо;ХОРОШО;ADV -;;; / звучит _хорошо_   ;о;ш;о;р;о;х;ADV;ХОРОШО;ADV -;О
31216;;;;;;;;;;;;;;;;;
31217;# sent = 2406;;;;;;;;;;;;;;;;
31218;# speaker = Мирон;;;;;;;;;;;;;;;;
31219;# sent = 2407;;;;;;;;;;;;;;;;
31220;;Вот;ВОТ;PART;;;   _Вот_ //  Чё;т;о;в;;;;PART;ВОТ;PART;Т
31221;;//;//;PUNCT;;;;;;;;;;PUNCT;;;
31222;"<distinct form=""";;;;;;;;;;;;;;;;
31223;<dist>;Чё;;;;;;;;;;;;;;;
31224;""">";;;;;;;;;;;;;;;;
31225;;Что;ЧТО;SPRO n inan acc sg;;; Чё  _Что_  я еще;о;т;ч;;;;SPRO;ЧТО;S n - acc sg;О
31226;</distinct>;;;;;;;;;;;;;;;;
31227;;я;Я;SPRO sg 1p - nom;;; Что  _я_ еще могу рассказать;я;;;;;;SPRO;Я;SPRO sg 1p - nom;Я
31228;;еще;ЕЩЕ;ADV -;;;Что  я _еще_ могу рассказать //;е;щ;е;;;;ADV;ЕЩЕ;ADV -;Е
31229;;могу;МОЧЬ;V ipf praes sg indic - 1p;;; я еще _могу_ рассказать // Ннн;у;г;о;м;;;V;МОЧЬ;V ipf praes sg indic - 1p;Ь
31230;;рассказать;РАССКАЗАТЬ;V pf - - inf - -;;;я еще могу _рассказать_ // Ннн //;ь;т;а;з;а;к;V;РАССКАЗАТЬ;V pf - - inf - -;Ь
31231;;//;//;PUNCT;;;;;;;;;;PUNCT;;;
31232;;Ннн;ННН;NONLEX;;;могу рассказать // _Ннн_ // Ну на;н;н;н;;;;NONLEX;ННН;NONLEX;Н
31233;;//;//;PUNCT;;;;;;;;;;PUNCT;;;
31234;;Ну;НУ;PART;;;// Ннн // _Ну_ на самом деле;у;н;;;;;PART;НУ;PART;У
31235;;на;НА;PR;;;Ннн // Ну _на_ самом деле Лев;а;н;;;;;PR;НА;PR;А
31236;;самом;САМЫЙ;A - loc sg plen n -;;;// Ну на _самом_ деле Лев Лебединский;м;о;м;а;с;;A;САМЫЙ;A - loc sg plen n -;Й
31237;;деле;ДЕЛО;S n inan loc sg;;;Ну на самом _деле_ Лев Лебединский он;е;л;е;д;;;S;ДЕЛО;S n inan loc sg;О
31238;;Лев;ЛЕВ;S m persn nom sg;;;на самом деле _Лев_ Лебединский он /;в;е;л;;;;S;ЛЕВ;S m anim nom sg;В
31239;;Лебединский;ЛЕБЕДИНСКИЙ;S m famn nom sg;;;самом деле Лев _Лебединский_ он / не;й;и;к;с;н;и;S;ЛЕБЕДИНСКИЙ;S m anim nom sg;Й
31240;;он;ОН;SPRO sg 3p m nom;;;деле Лев Лебединский _он_ / не только;н;о;;;;;SPRO;ОН;SPRO sg 3p m nom;Н
31241;;/;/;PUNCT;;;;;;;;;;PUNCT;;;
31242;;не;НЕ;PART;;;Лебединский он / _не_ только писатель но;е;н;;;;;PART;НЕ;PART;Е
31243;;только;ТОЛЬКО;ADV;;;он / не _только_ писатель но еще;о;к;ь;л;о;т;PART;ТОЛЬКО;PART;О
31244;;писатель;ПИСАТЕЛЬ;S m anim nom sg;;;/ не только _писатель_ но еще и;ь;л;е;т;а;с;S;ПИСАТЕЛЬ;S m anim nom sg;Ь
31245;;но;НО;CONJ;;;не только писатель _но_ еще и филолог;о;н;;;;;CONJ;НО;CONJ;О
31246;;еще;ЕЩЕ;ADV -;;;только писатель но _еще_ и филолог был;е;щ;е;;;;ADV;ЕЩЕ;ADV -;Е
31247;;и;И;CONJ;;;писатель но еще _и_ филолог был неплохой;и;;;;;;CONJ;И;CONJ;И
31248;;филолог;ФИЛОЛОГ;S m anim nom sg;;;но еще и _филолог_ был неплохой /;г;о;л;о;л;и;S;ФИЛОЛОГ;S m anim nom sg;Г
31249;;был;БЫТЬ;V ipf praet sg indic m -;;;еще и филолог _был_ неплохой / и;л;ы;б;;;;V;БЫТЬ;V ipf praet sg indic m -;Ь
31250;;неплохой;НЕПЛОХОЙ;A - nom sg plen m -;;;и филолог был _неплохой_ / и вообще;й;о;х;о;л;п;A;НЕПЛОХОЙ;A - nom sg plen m -;Й
31251;;/;/;PUNCT;;;;;;;;;;PUNCT;;;
31252;;и;И;CONJ;;;был неплохой / _и_ вообще у меня;и;;;;;;CONJ;И;CONJ;И
31253;;вообще;ВООБЩЕ;ADV -;;;неплохой / и _вообще_ у меня полно;е;щ;б;о;о;в;ADV;ВООБЩЕ;ADV -;Е
31254;;у;У;PR;;;/ и вообще _у_ меня полно лингвистов;у;;;;;;PR;У;PR;У
31255;;меня;Я;SPRO sg 1p - acc;;;и вообще у _меня_ полно лингвистов в;я;н;е;м;;;SPRO;Я;SPRO sg 1p - acc;Я
31256;;полно;ПОЛНО;ADV -;;;вообще у меня _полно_ лингвистов в семье;о;н;л;о;п;;ADV;ПОЛНО;ADV -;О
31257;;лингвистов;ЛИНГВИСТ;S m anim gen pl;;;у меня полно _лингвистов_ в семье //;в;о;т;с;и;в;S;ЛИНГВИСТ;S m anim gen pl;Т
31258;;в;В;PR;;;меня полно лингвистов _в_ семье // Ээ;в;;;;;;PR;В;PR;В
31259;;семье;СЕМЬЯ;S f inan loc sg;;;полно лингвистов в _семье_ // Ээ //;е;ь;м;е;с;;S;СЕМЬЯ;S f inan loc sg;Я
31260;;//;//;PUNCT;;;;;;;;;;PUNCT;;;
31261;;Ээ;ЭЭ;NONLEX;;;в семье // _Ээ_ // Про мою;э;э;;;;;NONLEX;ЭЭ;NONLEX;Э
31262;;//;//;PUNCT;;;;;;;;;;PUNCT;;;
31263;;Про;ПРО;PR;;;// Ээ // _Про_ мою бабушку сегодня;о;р;п;;;;PR;ПРО;PR;О
31264;;мою;МОЙ;APRO - acc sg plen f -;;;Ээ // Про _мою_ бабушку сегодня рассказывал;ю;о;м;;;;APRO;МОЙ;A - acc sg plen f -;Й
31265;;бабушку;БАБУШКА;S f anim acc sg;;;// Про мою _бабушку_ сегодня рассказывал Даниэль;у;к;ш;у;б;а;S;БАБУШКА;S f anim acc sg;А
31266;;сегодня;СЕГОДНЯ;ADV -;;;Про мою бабушку _сегодня_ рассказывал Даниэль /;я;н;д;о;г;е;ADV;СЕГОДНЯ;ADV -;Я
31267;;рассказывал;РАССКАЗЫВАТЬ;V ipf praet sg indic m -;;;мою бабушку сегодня _рассказывал_ Даниэль / Ну;л;а;в;ы;з;а;V;РАССКАЗЫВАТЬ;V ipf praet sg indic m -;Ь
31268;;Даниэль;ДАНИЭЛЬ;S m famn nom sg;;;бабушку сегодня рассказывал _Даниэль_ / Ну упоминал;ь;л;э;и;н;а;S;ДАНИЭЛЬ;S m anim nom sg;Ь
31269;;/;/;PUNCT;;;;;;;;;;PUNCT;;;
31270;;Ну;НУ;PART;;;рассказывал Даниэль / _Ну_ упоминал  ;у;н;;;;;PART;НУ;PART;У
31271;;упоминал;УПОМИНАТЬ;V ipf praet sg indic m -;;;Даниэль / Ну _упоминал_   ;л;а;н;и;м;о;V;УПОМИНАТЬ;V ipf praet sg indic m -;Ь
31272;;;;;;;;;;;;;;;;;
31273;# sent = 2408;;;;;;;;;;;;;;;;
31274;# speaker = Алина;;;;;;;;;;;;;;;;
31275;# sent = 2409;;;;;;;;;;;;;;;;
31276;;Ммм;МММ;INTJ;;;   _Ммм_   ;м;м;м;;;;S;МММ;S n inan loc sg;М
31277;;;;;;;;;;;;;;;;;
31278;# sent = 2410;;;;;;;;;;;;;;;;
31279;# speaker = Мирон;;;;;;;;;;;;;;;;
31280;# sent = 2411;;;;;;;;;;;;;;;;
31281;"<distinct form=""";;;;;;;;;;;;;;;;
31282;<dist>;Шт;;;;;;;;;;;;;;;
31283;""">";;;;;;;;;;;;;;;;
31284;;Что;ЧТО;ADV -;;; Шт  _Что_  / Она;о;т;ч;;;;ADV;ЧТО;ADV -;О
31285;</distinct>;;;;;;;;;;;;;;;;
31286;;/;/;PUNCT;;;;;;;;;;PUNCT;;;
31287;;Она;ОНА;SPRO sg 3p f nom;;;Что  / _Она_ / одна из;а;н;о;;;;SPRO;ОНА;SPRO sg 3p f nom;А
31288;;/;/;PUNCT;;;;;;;;;;PUNCT;;;
31289;;одна;ОДИН;ANUM - nom sg plen f -;;;/ Она / _одна_ из тех кто;а;н;д;о;;;ANUM;ОДИН;A - nom sg plen f -;Н
31290;;из;ИЗ;PR;;;Она / одна _из_ тех кто занимается;з;и;;;;;PR;ИЗ;PR;З
31291;;тех;ТОТ;SPRO - gen pl plen - -;;;/ одна из _тех_ кто занимается реконструкцией;х;е;т;;;;SPRO;ТОТ;A - gen pl plen - -;Т
31292;;кто;КТО;SPRO m - nom sg;;;одна из тех _кто_ занимается реконструкцией активно;о;т;к;;;;S;КТО;S m - nom sg;О
31293;;занимается;ЗАНИМАТЬСЯ;V ipf praes sg indic - 3p;;;из тех кто _занимается_ реконструкцией активно ;я;с;т;е;а;м;V;ЗАНИМАТЬСЯ;V ipf praes sg indic - 3p;Я
31294;;реконструкцией;РЕКОНСТРУКЦИЯ;S f inan ins sg;;;тех кто занимается _реконструкцией_ активно  ;й;е;и;ц;к;у;S;РЕКОНСТРУКЦИЯ;S f inan ins sg;Я
31295;;активно;АКТИВНО;ADV -;;;кто занимается реконструкцией _активно_   ;о;н;в;и;т;к;ADV;АКТИВНО;ADV -;О
31296;;;;;;;;;;;;;;;;;
31297;# sent = 2412;;;;;;;;;;;;;;;;
31298;# speaker = Алина;;;;;;;;;;;;;;;;
31299;# sent = 2413;;;;;;;;;;;;;;;;
31300;;М;М;NONLEX;слитно;;   _М_ - мм ;м;;;;;;INTJ;М;S - - nonflex -;М
31301;;-;-;PUNCT;;;;;;;;;;PUNCT;;;
31302;;мм;ММ;INTJ;;; М - _мм_   ;м;м;;;;;INTJ;ММ;S m inan nonflex -;М
31303;;;;;;;;;;;;;;;;;
31304;# sent = 2414;;;;;;;;;;;;;;;;
31305;# speaker = Мирон;;;;;;;;;;;;;;;;
31306;# sent = 2415;;;;;;;;;;;;;;;;
31307;;Анна;АННА;S f persn nom sg;;;   _Анна_ Владимировна Дыбо /;а;н;н;а;;;S;АННА;S f anim nom sg;А
31308;;Владимировна;ВЛАДИМИРОВНА;S f patrn nom sg;;;  Анна _Владимировна_ Дыбо / ;а;н;в;о;р;и;S;ВЛАДИМИРОВНА;S f anim nom sg;А
31309;;Дыбо;ДЫБО;S f famn nom sg;;; Анна Владимировна _Дыбо_ /  та;о;б;ы;д;;;S;ДЫБО;S - anim nonflex -;О
31310;;/;/;PUNCT;;;;;;;;;;PUNCT;;;
31311;"<distinct form=""";;;;;;;;;;;;;;;;
31312;<dist>;та;;;;;;;;;;;;;;;
31313;""">";;;;;;;;;;;;;;;;
31314;;это;ЭТО;SPRO n - nom sg;;; та  _это_  украинская фамилия;о;т;э;;;;SPRO;ЭТО;S n - nom sg;О
31315;</distinct>;;;;;;;;;;;;;;;;
31316;;украинская;УКРАИНСКИЙ;A - nom sg plen f -;;; это  _украинская_ фамилия // Её;я;а;к;с;н;и;A;УКРАИНСКИЙ;A - nom sg plen f -;Й
31317;;фамилия;ФАМИЛИЯ;S f inan nom sg;;;это  украинская _фамилия_ // Её отец;я;и;л;и;м;а;S;ФАМИЛИЯ;S f inan nom sg;Я
31318;;//;//;PUNCT;;;;;;;;;;PUNCT;;;
31319;;Её;ОНА;APRO sg 3p f nom;;;украинская фамилия // _Её_ отец Владимир Антонович;ё;е;;;;;SPRO;ЕЕ;A - nonflex - plen - -;А
31320;;отец;ОТЕЦ;S m anim nom sg;;;фамилия // Её _отец_ Владимир Антонович Дыбо;ц;е;т;о;;;S;ОТЕЦ;S m anim nom sg;Ц
31321;;Владимир;ВЛАДИМИР;S m persn nom sg;;;// Её отец _Владимир_ Антонович Дыбо сейчас;р;и;м;и;д;а;S;ВЛАДИМИР;S m anim nom sg;Р
31322;;Антонович;АНТОНОВИЧ;S m patrn nom sg;;;Её отец Владимир _Антонович_ Дыбо сейчас является;ч;и;в;о;н;о;S;АНТОНОВИЧ;S m anim nom sg;Ч
31323;;Дыбо;ДЫБО;S m famn nom sg;;;отец Владимир Антонович _Дыбо_ сейчас является /;о;б;ы;д;;;S;ДЫБО;S - anim nonflex -;О
31324;;сейчас;СЕЙЧАС;ADV -;;;Владимир Антонович Дыбо _сейчас_ является / самым;с;а;ч;й;е;с;ADV;СЕЙЧАС;ADV -;С
31325;;является;ЯВЛЯТЬСЯ;V ipf praes sg med - 3p;;;Антонович Дыбо сейчас _является_ / самым лучшим;я;с;т;е;я;л;V;ЯВЛЯТЬСЯ;V ipf praes sg indic - 3p;Я
31326;;/;/;PUNCT;;;;;;;;;;PUNCT;;;
31327;;самым;САМЫЙ;A - ins sg plen n -;;;сейчас является / _самым_ лучшим специалистом в;м;ы;м;а;с;;A;САМЫЙ;A - ins sg plen n -;Й
31328;;лучшим;ЛУЧШИЙ;A supr ins sg plen m -;;;является / самым _лучшим_ специалистом в России;м;и;ш;ч;у;л;A;ЛУЧШИЙ;A supr ins sg plen m -;Й
31329;;специалистом;СПЕЦИАЛИСТ;S m anim ins sg;;;/ самым лучшим _специалистом_ в России по;м;о;т;с;и;л;S;СПЕЦИАЛИСТ;S m anim ins sg;Т
31330;;в;В;PR;;;самым лучшим специалистом _в_ России по акцентологии;в;;;;;;PR;В;PR;В
31331;;России;РОССИЯ;S f inan loc sg;;;лучшим специалистом в _России_ по акцентологии //;и;и;с;с;о;р;S;РОССИЯ;S f inan loc sg;Я
31332;;по;ПО;PR;;;специалистом в России _по_ акцентологии // Он;о;п;;;;;PR;ПО;PR;О
31333;;акцентологии;АКЦЕНТОЛОГИЯ;S f inan loc sg;;;в России по _акцентологии_ // Он типа;и;и;г;о;л;о;S;АКЦЕНТОЛОГИЯ;S f inan loc sg;Я
31334;;//;//;PUNCT;;;;;;;;;;PUNCT;;;
31335;;Он;ОН;SPRO sg 3p m nom;;;по акцентологии // _Он_ типа про ударения;н;о;;;;;SPRO;ОН;SPRO sg 3p m nom;Н
31336;;типа;ТИПА;PART;;;акцентологии // Он _типа_ про ударения всякие;а;п;и;т;;;PART;ТИПА;PART;А
31337;;про;ПРО;PR;;;// Он типа _про_ ударения всякие разн;о;р;п;;;;PR;ПРО;PR;О
31338;;ударения;УДАРЕНИЕ;S n inan acc pl;;;Он типа про _ударения_ всякие разн ...;я;и;н;е;р;а;S;УДАРЕНИЕ;S n inan acc pl;Е
31339;;всякие;ВСЯКИЙ;A - acc pl plen - -;;;типа про ударения _всякие_ разн ... ;е;и;к;я;с;в;A;ВСЯКИЙ;A - nom pl plen - -;Й
31340;;разн;РАЗНЫЕ;A - acc pl plen - -;distort;;про ударения всякие _разн_ ...  ;н;з;а;р;;;S;РАЗН;S m inan acc sg;Е
31341;;...;...;PUNCT;;;;;;;;;;PUNCT;;;
31342;;;;;;;;;;;;;;;;;
31343;# sent = 2416;;;;;;;;;;;;;;;;
31344;;//;//;PUNCT;;;;;;;;;;PUNCT;;;
31345;;В;В;PR;;;  // _В_ основном он славист;в;;;;;;PR;В;PR;В
31346;;основном;ОСНОВНОЙ;A - loc sg plen n -;;; // В _основном_ он славист конечно;м;о;н;в;о;н;A;ОСНОВНОЙ;A - loc sg plen m -;Й
31347;;он;ОН;SPRO sg 3p m nom;;;// В основном _он_ славист конечно /;н;о;;;;;SPRO;ОН;SPRO sg 3p m nom;Н
31348;;славист;СЛАВИСТ;S m anim nom sg;;;В основном он _славист_ конечно / но;т;с;и;в;а;л;S;СЛАВИСТ;S m anim nom sg;Т
31349;;конечно;КОНЕЧНО;PARENTH;;;основном он славист _конечно_ / но /;о;н;ч;е;н;о;ADV;КОНЕЧНО;ADV -;О
31350;;/;/;PUNCT;;;;;;;;;;PUNCT;;;
31351;;но;НО;CONJ;;;славист конечно / _но_ / в греческих;о;н;;;;;CONJ;НО;CONJ;О
31352;;/;/;PUNCT;;;;;;;;;;PUNCT;;;
31353;;в;В;PR;;;/ но / _в_ греческих в норвежских;в;;;;;;PR;В;PR;В
31354;;греческих;ГРЕЧЕСКИЙ;A - loc pl plen - -;;;но / в _греческих_ в норвежских ударениях;х;и;к;с;е;ч;A;ГРЕЧЕСКИЙ;A - gen pl plen - -;Й
31355;;в;В;PR;;;/ в греческих _в_ норвежских ударениях он;в;;;;;;PR;В;PR;В
31356;;норвежских;НОРВЕЖСКИЙ;A - loc pl plen - -;;;в греческих в _норвежских_ ударениях он тоже;х;и;к;с;ж;е;A;НОРВЕЖСКИЙ;A - gen pl plen - -;Й
31357;;ударениях;УДАРЕНИЕ;S n anim loc pl;;;греческих в норвежских _ударениях_ он тоже разбирается;х;я;и;н;е;р;S;УДАРЕНИЕ;S m anim gen pl;Е
31358;;он;ОН;SPRO sg 3p m nom;;;в норвежских ударениях _он_ тоже разбирается /;н;о;;;;;SPRO;ОН;SPRO sg 3p m nom;Н
31359;;тоже;ТОЖЕ;PART;;;норвежских ударениях он _тоже_ разбирается / и;е;ж;о;т;;;PART;ТОЖЕ;PART;Е
31360;;разбирается;РАЗБИРАТЬСЯ;V ipf praes sg indic - 3p;;;ударениях он тоже _разбирается_ / и вообще;я;с;т;е;а;р;V;РАЗБИРАТЬСЯ;V ipf praes sg indic - 3p;Я
31361;;/;/;PUNCT;;;;;;;;;;PUNCT;;;
31362;;и;И;CONJ;;;тоже разбирается / _и_ вообще // А;и;;;;;;CONJ;И;CONJ;И
31363;;вообще;ВООБЩЕ;ADV -;;;разбирается / и _вообще_ // А он;е;щ;б;о;о;в;ADV;ВООБЩЕ;ADV -;Е
31364;;//;//;PUNCT;;;;;;;;;;PUNCT;;;
31365;;А;А;CONJ;;;и вообще // _А_ он / прямо;а;;;;;;CONJ;А;CONJ;А
31366;;он;ОН;SPRO sg 3p m nom;;;вообще // А _он_ / прямо такой;н;о;;;;;SPRO;ОН;SPRO sg 3p m nom;Н
31367;;/;/;PUNCT;;;;;;;;;;PUNCT;;;
31368;;прямо;ПРЯМО;PART;;;А он / _прямо_ такой натуральный /;о;м;я;р;п;;PART;ПРЯМО;PART;О
31369;;такой;ТАКОЙ;APRO - nom sg plen m -;;;он / прямо _такой_ натуральный / потомственный;й;о;к;а;т;;APRO;ТАКОЙ;A - nom sg plen m -;Й
31370;;натуральный;НАТУРАЛЬНЫЙ;A - nom sg plen m -;;;/ прямо такой _натуральный_ / потомственный крестьянин;й;ы;н;ь;л;а;A;НАТУРАЛЬНЫЙ;A - nom sg plen m -;Й
31371;;/;/;PUNCT;;;;;;;;;;PUNCT;;;
31372;;потомственный;ПОТОМСТВЕННЫЙ;A - nom sg plen m -;;;такой натуральный / _потомственный_ крестьянин // И;й;ы;н;н;е;в;A;ПОТОМСТВЕННЫЙ;A - nom sg plen m -;Й
31373;;крестьянин;КРЕСТЬЯНИН;S m anim nom sg;;;натуральный / потомственный _крестьянин_ // И его;н;и;н;я;ь;т;S;КРЕСТЬЯНИН;S m anim nom sg;Н
31374;;//;//;PUNCT;;;;;;;;;;PUNCT;;;
31375;;И;И;CONJ;;;потомственный крестьянин // _И_ его отец имел;и;;;;;;CONJ;И;CONJ;И
31376;;его;ЕГО;APRO;;;крестьянин // И _его_ отец имел хутор;о;г;е;;;;APRO;ЕГО;A - nonflex - plen - -;О
31377;;отец;ОТЕЦ;S m anim nom sg;;;// И его _отец_ имел хутор в;ц;е;т;о;;;S;ОТЕЦ;S m anim nom sg;Ц
31378;;имел;ИМЕТЬ;V ipf praet sg indic m -;;;И его отец _имел_ хутор в Украине;л;е;м;и;;;V;ИМЕТЬ;V ipf praet sg indic m -;Ь
31379;;хутор;ХУТОР;S m inan acc sg;;;его отец имел _хутор_ в Украине /;р;о;т;у;х;;S;ХУТОР;S m inan acc sg;Р
31380;;в;В;PR;;;отец имел хутор _в_ Украине / и;в;;;;;;PR;В;PR;В
31381;;Украине;УКРАИНА;S f inan loc sg;;;имел хутор в _Украине_ / и сотню;е;н;и;а;р;к;S;УКРАИНА;S f inan loc sg;А
31382;;/;/;PUNCT;;;;;;;;;;PUNCT;;;
31383;;и;И;CONJ;;;в Украине / _и_ сотню детей /;и;;;;;;CONJ;И;CONJ;И
31384;;сотню;СОТНЯ;S f inan acc sg;;;Украине / и _сотню_ детей / не;ю;н;т;о;с;;S;СОТНЯ;S f inan acc sg;Я
31385;;детей;РЕБЕНОК;S m anim gen pl;;;/ и сотню _детей_ / не сотню;й;е;т;е;д;;S;РЕБЕНОК;S m anim gen pl;К
31386;;/;/;PUNCT;;;;;;;;;;PUNCT;;;
31387;;не;НЕ;PART;;;сотню детей / _не_ сотню но пару;е;н;;;;;PART;НЕ;PART;Е
31388;;сотню;СОТНЯ;S f inan acc sg;;;детей / не _сотню_ но пару десятков;ю;н;т;о;с;;S;СОТНЯ;S f inan acc sg;Я
31389;;но;НО;CONJ;;;/ не сотню _но_ пару десятков там;о;н;;;;;CONJ;НО;CONJ;О
31390;;пару;ПАРА;S f inan acc sg;;;не сотню но _пару_ десятков там точно;у;р;а;п;;;S;ПАРА;S f inan acc sg;А
31391;;десятков;ДЕСЯТОК;S m inan gen pl;;;сотню но пару _десятков_ там точно было;в;о;к;т;я;с;S;ДЕСЯТОК;S m inan gen pl;К
31392;;там;ТАМ;ADV -;;;но пару десятков _там_ точно было ;м;а;т;;;;ADV;ТАМ;ADV -;М
31393;;точно;ТОЧНО;ADV -;;;пару десятков там _точно_ было  ;о;н;ч;о;т;;ADV;ТОЧНО;ADV -;О
31394;;было;БЫТЬ;V ipf praet sg indic n -;;;десятков там точно _было_   ;о;л;ы;б;;;V;БЫТЬ;V ipf praet sg indic n -;Ь
31395;;;;;;;;;;;;;;;;;
31396;# sent = 2417;;;;;;;;;;;;;;;;
31397;# speaker = Алина;;;;;;;;;;;;;;;;
31398;# sent = 2418;;;;;;;;;;;;;;;;
31399;"<distinct form=""";;;;;;;;;;;;;;;;
31400;<dist>;Ничё;;;;;;;;;;;;;;;
31401;""">";;;;;;;;;;;;;;;;
31402;;Ничего;НИЧЕГО;ADV -;;; Ничё  _Ничего_  себе ;о;г;е;ч;и;н;ADV;НИЧЕГО;ADV -;О
31403;</distinct>;;;;;;;;;;;;;;;;
31404;;себе;СЕБЯ;SPRO - - - dat;;; Ничего  _себе_   ;е;б;е;с;;;SPRO;СЕБЯ;SPRO - - - dat;Я
31405;;;;;;;;;;;;;;;;;
31406;# sent = 2419;;;;;;;;;;;;;;;;
31407;# speaker = Мирон;;;;;;;;;;;;;;;;
31408;# sent = 2420;;;;;;;;;;;;;;;;
31409;;Вот;ВОТ;PART;;;   _Вот_ // И сам;т;о;в;;;;PART;ВОТ;PART;Т
31410;;//;//;PUNCT;;;;;;;;;;PUNCT;;;
31411;;И;И;CONJ;;; Вот // _И_ сам Владимир Антонович;и;;;;;;CONJ;И;CONJ;И
31412;;сам;САМ;APRO - nom sg m - -;;;Вот // И _сам_ Владимир Антонович /;м;а;с;;;;A;САМ;A - nom sg plen m -;М
31413;;Владимир;ВЛАДИМИР;S m persn nom sg;;;// И сам _Владимир_ Антонович / типа;р;и;м;и;д;а;S;ВЛАДИМИР;S m anim nom sg;Р
31414;;Антонович;АНТОНОВИЧ;S m patrn nom sg;;;И сам Владимир _Антонович_ / типа /;ч;и;в;о;н;о;S;АНТОНОВИЧ;S m anim nom sg;Ч
31415;;/;/;PUNCT;;;;;;;;;;PUNCT;;;
31416;;типа;ТИПА;PART;;;Владимир Антонович / _типа_ / у него;а;п;и;т;;;PART;ТИПА;PART;А
31417;;/;/;PUNCT;;;;;;;;;;PUNCT;;;
31418;;у;У;PR;;;/ типа / _у_ него не было;у;;;;;;PR;У;PR;У
31419;;него;ОН;SPRO sg 3p m gen;;;типа / у _него_ не было никаких;о;г;е;н;;;SPRO;ОН;SPRO sg 3p m acc;Н
31420;;не;НЕ;PART;;;/ у него _не_ было никаких денег;е;н;;;;;PART;НЕ;PART;Е
31421;;было;БЫТЬ;V ipf praet sg indic n -;;;у него не _было_ никаких денег когда;о;л;ы;б;;;V;БЫТЬ;V ipf praet sg indic n -;Ь
31422;;никаких;НИКАКОЙ;APRO - gen pl plen - -;;;него не было _никаких_ денег когда он;х;и;к;а;к;и;APRO;НИКАКОЙ;A - gen pl plen - -;Й
31423;;денег;ДЕНЬГИ;S - inan gen pl;;;не было никаких _денег_ когда он поступил;г;е;н;е;д;;S;ДЕНЬГИ;S - inan gen pl;И
31424;;когда;КОГДА;CONJ;;;было никаких денег _когда_ он поступил в;а;д;г;о;к;;CONJ;КОГДА;CONJ;А
31425;;он;ОН;SPRO sg 3p m nom;;;никаких денег когда _он_ поступил в ;н;о;;;;;SPRO;ОН;SPRO sg 3p m nom;Н
31426;;поступил;ПОСТУПИТЬ;V pf praet sg indic m -;;;денег когда он _поступил_ в  эмгэу;л;и;п;у;т;с;V;ПОСТУПИТЬ;V pf praet sg indic m -;Ь
31427;;в;В;PR;;;когда он поступил _в_  эмгэу ;в;;;;;;PR;В;PR;В
31428;"<distinct form=""";;;;;;;;;;;;;;;;
31429;<dist>;эмгэу;;;;;;;;;;;;;;;
31430;""">";;;;;;;;;;;;;;;;
31431;;МГУ;МГУ;S m inan acc sg;;; эмгэу  _МГУ_  / но;у;г;м;;;;S;МГУ;S m inan nonflex -;У
31432;</distinct>;;;;;;;;;;;;;;;;
31433;;/;/;PUNCT;;;;;;;;;;PUNCT;;;
31434;;но;НО;CONJ;;;МГУ  / _но_ он / ;о;н;;;;;CONJ;НО;CONJ;О
31435;;он;ОН;SPRO sg 3p m nom;;; / но _он_ /  соответсно;н;о;;;;;SPRO;ОН;SPRO sg 3p m nom;Н
31436;;/;/;PUNCT;;;;;;;;;;PUNCT;;;
31437;"<distinct form=""";;;;;;;;;;;;;;;;
31438;<dist>;соответсно;;;;;;;;;;;;;;;
31439;""">";;;;;;;;;;;;;;;;
31440;;соответственно;СООТВЕТСТВЕННО;PARENTH;;; соответсно  _соответственно_   х;о;н;н;е;в;т;CONJ;СООТВЕТСТВЕННО;CONJ;О
31441;</distinct>;;;;;;;;;;;;;;;;
31442;"<distinct form=""";;;;;;;;;;;;;;;;
31443;<dist>;х;;;;;;;;;;;;;;;
31444;<dist>;-;;;;;;;;;;;;;;;
31445;<dist>;ходил;;;;;;;;;;;;;;;
31446;""">";;;;;;;;;;;;;;;;
31447;;ходил;ХОДИТЬ;V ipf praet sg indic m -;;;- ходил  _ходил_  в чем;л;и;д;о;х;;V;ХОДИТЬ;V ipf praet sg indic m -;Ь
31448;</distinct>;;;;;;;;;;;;;;;;
31449;;в;В;PR;;; ходил  _в_ чем было получал;в;;;;;;PR;В;PR;В
31450;;чем;ЧЕМ;SPRO loc sg n;;;ходил  в _чем_ было получал какую-то;м;е;ч;;;;CONJ;ЧЕМ;CONJ;М
31451;;было;БЫТЬ;V ipf praet sg indic n -;;; в чем _было_ получал какую-то стипендию;о;л;ы;б;;;V;БЫТЬ;V ipf praet sg indic n -;Ь
31452;;получал;ПОЛУЧАТЬ;V ipf praet sg indic m -;;;в чем было _получал_ какую-то стипендию и;л;а;ч;у;л;о;V;ПОЛУЧАТЬ;V ipf praet sg indic m -;Ь
31453;;какую-то;КАКОЙ-ТО;APRO - acc sg plen f;;;чем было получал _какую-то_ стипендию и ел;о;т;-;ю;у;к;APRO;КАКОЙ-ТО;A - acc sg plen f inan;О
31454;;стипендию;СТИПЕНДИЯ;S f inan acc sg;;;было получал какую-то _стипендию_ и ел на;ю;и;д;н;е;п;S;СТИПЕНДИЯ;S f inan acc sg;Я
31455;;и;И;CONJ;;;получал какую-то стипендию _и_ ел на нее;и;;;;;;CONJ;И;CONJ;И
31456;;ел;ЕСТЬ;V ipf praet sg indic m -;;;какую-то стипендию и _ел_ на нее /;л;е;;;;;V;ЕСТЬ;V ipf praet sg indic m -;Ь
31457;;на;НА;PR;;;стипендию и ел _на_ нее / а;а;н;;;;;PR;НА;PR;А
31458;;нее;ОНА;SPRO sg 3p f acc;;;и ел на _нее_ / а про;е;е;н;;;;SPRO;ОНА;SPRO sg 3p f acc;А
31459;;/;/;PUNCT;;;;;;;;;;PUNCT;;;
31460;;а;А;CONJ;;;на нее / _а_ про него в;а;;;;;;CONJ;А;CONJ;А
31461;;про;ПРО;PR;;;нее / а _про_ него в какой-то;о;р;п;;;;PR;ПРО;PR;О
31462;;него;ОН;SPRO sg 3p m acc;;;/ а про _него_ в какой-то момент;о;г;е;н;;;SPRO;ОН;SPRO sg 3p m acc;Н
31463;;в;В;PR;;;а про него _в_ какой-то момент ээ;в;;;;;;PR;В;PR;В
31464;;какой-то;КАКОЙ-ТО;APRO - acc sg plen m inan;;;про него в _какой-то_ момент ээ /;о;т;-;й;о;к;APRO;КАКОЙ-ТО;A - acc sg plen m inan;О
31465;;момент;МОМЕНТ;S m inan acc sg;;;него в какой-то _момент_ ээ / в;т;н;е;м;о;м;S;МОМЕНТ;S m inan acc sg;Т
31466;;ээ;ЭЭ;NONLEX;;;в какой-то момент _ээ_ / в пятидесятые;э;э;;;;;NONLEX;ЭЭ;NONLEX;Э
31467;;/;/;PUNCT;;;;;;;;;;PUNCT;;;
31468;;в;В;PR;;;момент ээ / _в_ пятидесятые уже /;в;;;;;;PR;В;PR;В
31469;;пятидесятые;ПЯТИДЕСЯТЫЙ;ANUM - acc pl plen - inan;;;ээ / в _пятидесятые_ уже / писал;е;ы;т;я;с;е;ANUM;ПЯТИДЕСЯТЫЙ;A - acc pl plen - inan;Й
31470;;уже;УЖЕ;ADV -;;;/ в пятидесятые _уже_ / писал в;е;ж;у;;;;ADV;УЖЕ;ADV -;Е
31471;;/;/;PUNCT;;;;;;;;;;PUNCT;;;
31472;;писал;ПИСАТЬ;V ipf praet sg indic m -;;;пятидесятые уже / _писал_ в газете какой-то;л;а;с;и;п;;V;ПИСАТЬ;V ipf praet sg indic m -;Ь
31473;;в;В;PR;;;уже / писал _в_ газете какой-то его;в;;;;;;PR;В;PR;В
31474;;газете;ГАЗЕТА;S f inan loc sg;;;/ писал в _газете_ какой-то его бывший;е;т;е;з;а;г;S;ГАЗЕТА;S f inan loc sg;А
31475;;какой-то;КАКОЙ-ТО;APRO - nom sg plen m -;;;писал в газете _какой-то_ его бывший однокурсник;о;т;-;й;о;к;APRO;КАКОЙ-ТО;A - gen sg plen f -;О
31476;;его;ЕГО;APRO - m sg nom - -;;;в газете какой-то _его_ бывший однокурсник /;о;г;е;;;;APRO;ЕГО;A - nonflex - plen - -;О
31477;;бывший;БЫВШИЙ;A - nom sg plen m -;;;газете какой-то его _бывший_ однокурсник / типа;й;и;ш;в;ы;б;A;БЫВШИЙ;A - nom sg plen m -;Й
31478;;однокурсник;ОДНОКУРСНИК;S m anim nom sg;;;какой-то его бывший _однокурсник_ / типа что;к;и;н;с;р;у;S;ОДНОКУРСНИК;S m anim nom sg;К
31479;;/;/;PUNCT;;;;;;;;;;PUNCT;;;
31480;;типа;ТИПА;PART;;;бывший однокурсник / _типа_ что лингвистика хорошая;а;п;и;т;;;PART;ТИПА;PART;А
31481;;что;ЧТО;CONJ;;;однокурсник / типа _что_ лингвистика хорошая наука;о;т;ч;;;;CONJ;ЧТО;CONJ;О
31482;;лингвистика;ЛИНГВИСТИКА;S f inan nom sg;;;/ типа что _лингвистика_ хорошая наука потому что;а;к;и;т;с;и;S;ЛИНГВИСТИКА;S f inan nom sg;А
31483;;хорошая;ХОРОШИЙ;A - nom sg plen f -;;;типа что лингвистика _хорошая_ наука потому что для;я;а;ш;о;р;о;A;ХОРОШИЙ;A - nom sg plen f -;Й
31484;;наука;НАУКА;S f inan nom sg;;;что лингвистика хорошая _наука_ потому что для нее;а;к;у;а;н;;S;НАУКА;S f inan nom sg;А
31485;;потому что;потому что;CONJ;;;лингвистика хорошая наука _потому что_ для нее ничего;о;т;ч; ;у;м;CONJ;потому что;CONJ;о
31486;;для;ДЛЯ;PR;;;хорошая наука потому что _для_ нее ничего не;я;л;д;;;;PR;ДЛЯ;PR;Я
31487;;нее;ОНА;SPRO sg 3p f acc;;;наука потому что для _нее_ ничего не надо;е;е;н;;;;SPRO;ОНА;SPRO sg 3p f acc;А
31488;;ничего;НИЧТО;SPRO n inan gen sg;;;потому что для нее _ничего_ не надо ты;о;г;е;ч;и;н;SPRO;НИЧТО;S n - gen sg;О
31489;;не;НЕ;PART;;;для нее ничего _не_ надо ты как бы;е;н;;;;;PART;НЕ;PART;Е
31490;;надо;НАДО;PRAEDIC;;;нее ничего не _надо_ ты как бы приехал;о;д;а;н;;;PRAEDIC;НАДО;ADV -;О
31491;;ты;ТЫ;SPRO sg 2p - nom;;;ничего не надо _ты_ как бы приехал в;ы;т;;;;;SPRO;ТЫ;SPRO sg 2p - nom;Ы
31492;;как бы;как бы;PART;;;не надо ты _как бы_ приехал в какую-то;ы;б; ;к;а;к;PART;как бы;ADV -;ы
31493;;приехал;ПРИЕХАТЬ;V pf praet sg indic m -;;;надо ты как бы _приехал_ в какую-то штуку;л;а;х;е;и;р;V;ПРИЕХАТЬ;V pf praet sg indic m -;Ь
31494;;в;В;PR;;;ты как бы приехал _в_ какую-то штуку и;в;;;;;;PR;В;PR;В
31495;;какую-то;КАКОЙ-ТО;APRO - acc sg plen f ;;;как бы приехал в _какую-то_ штуку и сиди;о;т;-;ю;у;к;APRO;КАКОЙ-ТО;A - acc sg plen f inan;О
31496;;штуку;ШТУКА;S f inan acc sg;;;приехал в какую-то _штуку_ и сиди слушай;у;к;у;т;ш;;S;ШТУКА;S f inan acc sg;А
31497;;и;И;CONJ;;;в какую-то штуку _и_ сиди слушай /;и;;;;;;CONJ;И;CONJ;И
31498;;сиди;СИДЕТЬ;V ipf - sg imper - 2p;;;какую-то штуку и _сиди_ слушай / записывай;и;д;и;с;;;V;СИДЕТЬ;V ipf - sg imper - 2p;Ь
31499;;слушай;СЛУШАТЬ;V ipf - sg imper - 2p;;;штуку и сиди _слушай_ / записывай //;й;а;ш;у;л;с;V;СЛУШАТЬ;V ipf - sg imper - 2p;Ь
31500;;/;/;PUNCT;;;;;;;;;;PUNCT;;;
31501;;записывай;ЗАПИСЫВАТЬ;V ipf - sg imper - 2p;;;сиди слушай / _записывай_ // Вот //;й;а;в;ы;с;и;V;ЗАПИСЫВАТЬ;V ipf - sg imper - 2p;Ь
31502;;//;//;PUNCT;;;;;;;;;;PUNCT;;;
31503;;Вот;ВОТ;PART;;;/ записывай // _Вот_ // И рассказывает;т;о;в;;;;PART;ВОТ;PART;Т
31504;;//;//;PUNCT;;;;;;;;;;PUNCT;;;
31505;;И;И;CONJ;;;// Вот // _И_ рассказывает вот например;и;;;;;;CONJ;И;CONJ;И
31506;;рассказывает;РАССКАЗЫВАТЬ;V ipf praes sg indic - 3p;;;Вот // И _рассказывает_ вот например Вова;т;е;а;в;ы;з;V;РАССКАЗЫВАТЬ;V ipf praes sg indic - 3p;Ь
31507;;вот;ВОТ;PART;;;// И рассказывает _вот_ например Вова Дыбо;т;о;в;;;;PART;ВОТ;PART;Т
31508;;например;НАПРИМЕР;PARENTH;;;И рассказывает вот _например_ Вова Дыбо /;р;е;м;и;р;п;ADV;НАПРИМЕР;ADV -;Р
31509;;Вова;ВОВА;S m persn nom sg;;;рассказывает вот например _Вова_ Дыбо / был;а;в;о;в;;;S;ВОВА;S f anim nom sg;А
31510;;Дыбо;ДЫБО;S m famn nom sg;;;вот например Вова _Дыбо_ / был такой;о;б;ы;д;;;S;ДЫБО;S - anim nonflex -;О
31511;;/;/;PUNCT;;;;;;;;;;PUNCT;;;
31512;;был;БЫТЬ;V ipf praet sg indic m -;;;Вова Дыбо / _был_ такой / скромный;л;ы;б;;;;V;БЫТЬ;V ipf praet sg indic m -;Ь
31513;;такой;ТАКОЙ;APRO - nom sg plen m -;;;Дыбо / был _такой_ / скромный мальчик;й;о;к;а;т;;APRO;ТАКОЙ;A - nom sg plen m -;Й
31514;;/;/;PUNCT;;;;;;;;;;PUNCT;;;
31515;;скромный;СКРОМНЫЙ;A - nom sg plen m -;;;был такой / _скромный_ мальчик ходил в;й;ы;н;м;о;р;A;СКРОМНЫЙ;A - nom sg plen m -;Й
31516;;мальчик;МАЛЬЧИК;S m anim nom sg;;;такой / скромный _мальчик_ ходил в косоворотке;к;и;ч;ь;л;а;S;МАЛЬЧИК;S m anim nom sg;К
31517;;ходил;ХОДИТЬ;V ipf praet sg indic m -;;;/ скромный мальчик _ходил_ в косоворотке и;л;и;д;о;х;;V;ХОДИТЬ;V ipf praet sg indic m -;Ь
31518;;в;В;PR;;;скромный мальчик ходил _в_ косоворотке и сапогах;в;;;;;;PR;В;PR;В
31519;;косоворотке;КОСОВОРОТКА;S f inan loc sg;;;мальчик ходил в _косоворотке_ и сапогах до;е;к;т;о;р;о;S;КОСОВОРОТКА;S f inan loc sg;А
31520;;и;И;CONJ;;;ходил в косоворотке _и_ сапогах до колена;и;;;;;;CONJ;И;CONJ;И
31521;;сапогах;САПОГ;S m inan loc pl;;;в косоворотке и _сапогах_ до колена /;х;а;г;о;п;а;S;САПОГ;S m inan loc pl;Г
31522;;до;ДО;PR;;;косоворотке и сапогах _до_ колена / ;о;д;;;;;PR;ДО;PR;О
31523;;колена;КОЛЕНО;S n inan gen sg;;;и сапогах до _колена_ /  ;а;н;е;л;о;к;S;КОЛЕНО;S n inan gen sg;О
31524;;/;/;PUNCT;;;;;;;;;;PUNCT;;;
31525;<noindex>[нрзб]</noindex>;;;;;;;;;;;;;;;;
31526;;;;;;;;;;;;;;;;;
31527;# sent = 2421;;;;;;;;;;;;;;;;
31528;# speaker = Алина;;;;;;;;;;;;;;;;
31529;# sent = 2422;;;;;;;;;;;;;;;;
31530;"<span class=""note"">";;;;;;;;;;;;;;;;
31531;<note>;Смеется;;;;;;;;;;;;;;;
31532;</span>;;;;;;;;;;;;;;;;
31533;;;;;;;;;;;;;;;;;
31534;# sent = 2423;;;;;;;;;;;;;;;;
31535;# speaker = Мирон;;;;;;;;;;;;;;;;
31536;# sent = 2424;;;;;;;;;;;;;;;;
31537;;Вот;ВОТ;PART;;;   _Вот_ // Эээ //;т;о;в;;;;PART;ВОТ;PART;Т
31538;;//;//;PUNCT;;;;;;;;;;PUNCT;;;
31539;;Эээ;ЭЭЭ;NONLEX;;; Вот // _Эээ_ // Я думаю;э;э;э;;;;NONLEX;ЭЭЭ;NONLEX;Э
31540;;//;//;PUNCT;;;;;;;;;;PUNCT;;;
31541;;Я;Я;SPRO sg 1p - nom;;;// Эээ // _Я_ думаю вообще что;я;;;;;;SPRO;Я;SPRO sg 1p - nom;Я
31542;;думаю;ДУМАТЬ;V ipf praes sg indic - 1p;;;Эээ // Я _думаю_ вообще что многие;ю;а;м;у;д;;V;ДУМАТЬ;V ipf praes sg indic - 1p;Ь
31543;;вообще;ВООБЩЕ;PARENTH;;;// Я думаю _вообще_ что многие мои;е;щ;б;о;о;в;ADV;ВООБЩЕ;ADV -;Е
31544;;что;ЧТО;CONJ;;;Я думаю вообще _что_ многие мои убеждения;о;т;ч;;;;CONJ;ЧТО;CONJ;О
31545;;многие;МНОГИЙ;A - nom pl plen - -;;;думаю вообще что _многие_ мои убеждения на;е;и;г;о;н;м;A;МНОГИЙ;A - nom pl plen - -;Й
31546;;мои;МОЙ;APRO - nom pl plen - -;;;вообще что многие _мои_ убеждения на самом;и;о;м;;;;APRO;МОЙ;A - nom pl plen - -;Й
31547;;убеждения;УБЕЖДЕНИЕ;S n inan nom pl;;;что многие мои _убеждения_ на самом деле;я;и;н;е;д;ж;S;УБЕЖДЕНИЕ;S n inan nom pl;Е
31548;;на;НА;PR;;;многие мои убеждения _на_ самом деле у;а;н;;;;;PR;НА;PR;А
31549;;самом;САМЫЙ;A - loc sg plen n -;;;мои убеждения на _самом_ деле у меня;м;о;м;а;с;;A;САМЫЙ;A - loc sg plen n -;Й
31550;;деле;ДЕЛО;S n inan loc sg;;;убеждения на самом _деле_ у меня наследственные;е;л;е;д;;;S;ДЕЛО;S n inan loc sg;О
31551;;у;У;PR;;;на самом деле _у_ меня наследственные ;у;;;;;;PR;У;PR;У
31552;;меня;Я;SPRO sg 1p - acc;;;самом деле у _меня_ наследственные  ;я;н;е;м;;;SPRO;Я;SPRO sg 1p - acc;Я
31553;;наследственные;НАСЛЕДСТВЕННЫЙ;A - nom pl plen;;;деле у меня _наследственные_   ;е;ы;н;н;е;в;A;НАСЛЕДСТВЕННЫЙ;A - acc pl plen - inan;Й
31554;;;;;;;;;;;;;;;;;
31555;# sent = 2425;;;;;;;;;;;;;;;;
31556;# speaker = Алина;;;;;;;;;;;;;;;;
31557;# sent = 2426;;;;;;;;;;;;;;;;
31558;;М;М;NONLEX;слитно;;   _М_ - хм ;м;;;;;;INTJ;М;S - - nonflex -;М
31559;;-;-;PUNCT;;;;;;;;;;PUNCT;;;
31560;;хм;ХМ;INTJ;;; М - _хм_   ;м;х;;;;;INTJ;ХМ;INTJ;М
31561;;;;;;;;;;;;;;;;;
31562;# sent = 2427;;;;;;;;;;;;;;;;
31563;# speaker = Мирон;;;;;;;;;;;;;;;;
31564;# sent = 2428;;;;;;;;;;;;;;;;
31565;;Ээ;ЭЭ;NONLEX;;;   _Ээ_ // Его отец;э;э;;;;;NONLEX;ЭЭ;NONLEX;Э
31566;;//;//;PUNCT;;;;;;;;;;PUNCT;;;
31567;;Его;ЕГО;APRO - m sg nom  -;;; Ээ // _Его_ отец Антон Дыбо;о;г;е;;;;APRO;ЕГО;A - nonflex - plen - -;О
31568;;отец;ОТЕЦ;S m anim nom sg;;;Ээ // Его _отец_ Антон Дыбо воевал;ц;е;т;о;;;S;ОТЕЦ;S m anim nom sg;Ц
31569;;Антон;АНТОН;S m persn nom sg;;;// Его отец _Антон_ Дыбо воевал в;н;о;т;н;а;;S;АНТОН;S m anim nom sg;Н
31570;;Дыбо;ДЫБО;S m famn nom sg;;;Его отец Антон _Дыбо_ воевал в Армии;о;б;ы;д;;;S;ДЫБО;S - anim nonflex -;О
31571;;воевал;ВОЕВАТЬ;V ipf praet sg indic m -;;;отец Антон Дыбо _воевал_ в Армии Нестора;л;а;в;е;о;в;V;ВОЕВАТЬ;V ipf praet sg indic m -;Ь
31572;;в;В;PR;;;Антон Дыбо воевал _в_ Армии Нестора Махно;в;;;;;;PR;В;PR;В
31573;;Армии;АРМИЯ;S f inan loc sg;;;Дыбо воевал в _Армии_ Нестора Махно ;и;и;м;р;а;;S;АРМИЯ;S f inan gen sg;Я
31574;;Нестора;НЕСТОР;S m persn gen sg;;;воевал в Армии _Нестора_ Махно  ;а;р;о;т;с;е;S;НЕСТОР;S m anim gen sg;Р
31575;;Махно;МАХНО;S m famn gen sg;;;в Армии Нестора _Махно_   ;о;н;х;а;м;;S;МАХНО;S m anim nonflex -;О
31576;;;;;;;;;;;;;;;;;
31577;# sent = 2429;;;;;;;;;;;;;;;;
31578;# speaker = Алина;;;;;;;;;;;;;;;;
31579;# sent = 2430;;;;;;;;;;;;;;;;
31580;;Ммм;МММ;INTJ;;;   _Ммм_ // Да понятно;м;м;м;;;;S;МММ;S n inan loc sg;М
31581;;//;//;PUNCT;;;;;;;;;;PUNCT;;;
31582;;Да;ДА;INTJ;;; Ммм // _Да_ понятно  ;а;д;;;;;PART;ДА;PART;А
31583;;понятно;ПОНЯТНО;ADV -;;;Ммм // Да _понятно_   ;о;н;т;я;н;о;ADV;ПОНЯТНО;ADV -;О
31584;;;;;;;;;;;;;;;;;
31585;# sent = 2431;;;;;;;;;;;;;;;;
31586;# speaker = Мирон;;;;;;;;;;;;;;;;
31587;# sent = 2432;;;;;;;;;;;;;;;;
31588;<noindex>[нрзб]</noindex>;;;;;;;;;;;;;;;;
31589;;;;;;;;;;;;;;;;;
31590;# sent = 2433;;;;;;;;;;;;;;;;
31591;"<span class=""note"">";;;;;;;;;;;;;;;;
31592;<note>;Говорят одновременно;;;;;;;;;;;;;;;
31593;</span>;;;;;;;;;;;;;;;;
31594;;;;;;;;;;;;;;;;;
31595;# sent = 2434;;;;;;;;;;;;;;;;
31596;"<span class=""note"">";;;;;;;;;;;;;;;;
31597;<note>;Смеются оба;;;;;;;;;;;;;;;
31598;</span>;;;;;;;;;;;;;;;;
31599;;;;;;;;;;;;;;;;;
31600;# sent = 2435;;;;;;;;;;;;;;;;
31601;# speaker = Алина;;;;;;;;;;;;;;;;
31602;# sent = 2436;;;;;;;;;;;;;;;;
31603;;Да;ДА;INTJ;;;   _Да_ / похоже на;а;д;;;;;CONJ;ДА;CONJ;А
31604;;/;/;PUNCT;;;;;;;;;;PUNCT;;;
31605;;похоже;ПОХОЖЕ;ADV -;;; Да / _похоже_ на то //;е;ж;о;х;о;п;ADV;ПОХОЖЕ;ADV -;Е
31606;;на;НА;PR;;;Да / похоже _на_ то // Хотя;а;н;;;;;PR;НА;PR;А
31607;;то;ТО;SPRO n - acc sg;;;/ похоже на _то_ // Хотя я;о;т;;;;;SPRO;ТО;S n - acc sg;О
31608;;//;//;PUNCT;;;;;;;;;;PUNCT;;;
31609;;Хотя;ХОТЯ;PART;;;на то // _Хотя_ я не думала;я;т;о;х;;;PART;ХОТЯ;PART;Я
31610;;я;Я;SPRO sg 1p - nom;;;то // Хотя _я_ не думала что;я;;;;;;SPRO;Я;SPRO sg 1p - nom;Я
31611;;не;НЕ;PART;;;// Хотя я _не_ думала что это;е;н;;;;;PART;НЕ;PART;Е
31612;;думала;ДУМАТЬ;V ipf praet sg indic f -;;;Хотя я не _думала_ что это может;а;л;а;м;у;д;V;ДУМАТЬ;V ipf praet sg indic f -;Ь
31613;;что;ЧТО;CONJ;;;я не думала _что_ это может наследоваться;о;т;ч;;;;CONJ;ЧТО;CONJ;О
31614;;это;ЭТО;SPRO n - nom sg;;;не думала что _это_ может наследоваться ;о;т;э;;;;SPRO;ЭТО;S n - nom sg;О
31615;;может;МОЧЬ;V ipf praes sg indic - 3p;;;думала что это _может_ наследоваться  ;т;е;ж;о;м;;V;МОЧЬ;V ipf praes sg indic - 3p;Ь
31616;;наследоваться;НАСЛЕДОВАТЬСЯ;V ipf - - inf med -;;;что это может _наследоваться_   ;я;с;ь;т;а;в;V;НАСЛЕДОВАТЬСЯ;V ipf - - inf - -;Я
31617;;;;;;;;;;;;;;;;;
31618;# sent = 2437;;;;;;;;;;;;;;;;
31619;# speaker = Мирон;;;;;;;;;;;;;;;;
31620;# sent = 2438;;;;;;;;;;;;;;;;
31621;"<distinct form=""";;;;;;;;;;;;;;;;
31622;<dist>;Нуу;;;;;;;;;;;;;;;
31623;""">";;;;;;;;;;;;;;;;
31624;;Ну;НУ;PART;;; Нуу  _Ну_  да //;у;н;;;;;PART;НУ;PART;У
31625;</distinct>;;;;;;;;;;;;;;;;
31626;;да;ДА;INTJ;;; Ну  _да_ // На самом;а;д;;;;;PART;ДА;PART;А
31627;;//;//;PUNCT;;;;;;;;;;PUNCT;;;
31628;;На;НА;PR;;; да // _На_ самом деле это;а;н;;;;;PR;НА;PR;А
31629;;самом;САМЫЙ;A - loc sg plen n -;;;да // На _самом_ деле это только;м;о;м;а;с;;A;САМЫЙ;A - loc sg plen n -;Й
31630;;деле;ДЕЛО;S n inan loc sg;;;// На самом _деле_ это только юмор;е;л;е;д;;;S;ДЕЛО;S n inan loc sg;О
31631;;это;ЭТО;SPRO n - nom sg;;;На самом деле _это_ только юмор я;о;т;э;;;;SPRO;ЭТО;S n - nom sg;О
31632;;только;ТОЛЬКО;ADV;;;самом деле это _только_ юмор я думаю;о;к;ь;л;о;т;PART;ТОЛЬКО;PART;О
31633;;юмор;ЮМОР;S m inan nom sg;;;деле это только _юмор_ я думаю это;р;о;м;ю;;;S;ЮМОР;S m inan nom sg;Р
31634;;я;Я;SPRO sg 1p - nom;;;это только юмор _я_ думаю это скорее;я;;;;;;SPRO;Я;SPRO sg 1p - nom;Я
31635;;думаю;ДУМАТЬ;V ipf praes sg indic - 1p;;;только юмор я _думаю_ это скорее воспитание;ю;а;м;у;д;;V;ДУМАТЬ;V ipf praes sg indic - 1p;Ь
31636;;это;ЭТО;SPRO n - nom sg;;;юмор я думаю _это_ скорее воспитание ...;о;т;э;;;;SPRO;ЭТО;S n - nom sg;О
31637;;скорее;СКОРО;ADV comp;;;я думаю это _скорее_ воспитание ... ;е;е;р;о;к;с;ADV;СКОРО;ADV comp;О
31638;;воспитание;ВОСПИТАНИЕ;S n inan nom sg;;;думаю это скорее _воспитание_ ...  ;е;и;н;а;т;и;S;ВОСПИТАНИЕ;S n inan nom sg;Е
31639;;...;...;PUNCT;;;;;;;;;;PUNCT;;;
31640;;;;;;;;;;;;;;;;;
31641;# sent = 2439;;;;;;;;;;;;;;;;
31642;# speaker = Алина;;;;;;;;;;;;;;;;
31643;# sent = 2440;;;;;;;;;;;;;;;;
31644;;Ну;НУ;PART;;;   _Ну_ наверное // Ну;у;н;;;;;PART;НУ;PART;У
31645;;наверное;НАВЕРНОЕ;ADV -;;;  Ну _наверное_ // Ну блин;е;о;н;р;е;в;ADV;НАВЕРНОЕ;ADV -;Е
31646;;//;//;PUNCT;;;;;;;;;;PUNCT;;;
31647;;Ну;НУ;PART;;;Ну наверное // _Ну_ блин круто что;у;н;;;;;PART;НУ;PART;У
31648;;блин;БЛИН;INTJ;;;наверное // Ну _блин_ круто что так;н;и;л;б;;;S;БЛИН;S m inan nom sg;Н
31649;;круто;КРУТО;ADV -;;;// Ну блин _круто_ что так ;о;т;у;р;к;;ADV;КРУТО;ADV -;О
31650;;что;ЧТО;CONJ;;;Ну блин круто _что_ так  ;о;т;ч;;;;SPRO;ЧТО;S n inan acc sg;О
31651;;так;ТАК;ADV -;;;блин круто что _так_   ;к;а;т;;;;ADV;ТАК;ADV -;К
31652;;;;;;;;;;;;;;;;;
31653;# sent = 2441;;;;;;;;;;;;;;;;
31654;# speaker = Мирон;;;;;;;;;;;;;;;;
31655;# sent = 2442;;;;;;;;;;;;;;;;
31656;;Вот;ВОТ;PART;;;   _Вот_ // Но это;т;о;в;;;;PART;ВОТ;PART;Т
31657;;//;//;PUNCT;;;;;;;;;;PUNCT;;;
31658;;Но;НО;CONJ;;; Вот // _Но_ это все по;о;н;;;;;CONJ;НО;CONJ;О
31659;;это;ЭТО;SPRO n - nom sg;;;Вот // Но _это_ все по отцовской;о;т;э;;;;SPRO;ЭТО;S n - nom sg;О
31660;;всё;ВСЁ;SPRO n - nom sg;;;// Но это _все_ по отцовской линии;е;с;в;;;;S;ВСЕ;S - - acc pl;Ё
31661;;по;ПО;PR;;;Но это все _по_ отцовской линии мои;о;п;;;;;PR;ПО;PR;О
31662;;отцовской;ОТЦОВСКИЙ;A - dat sg plen f -;;;это все по _отцовской_ линии мои родственники;й;о;к;с;в;о;A;ОТЦОВСКИЙ;A - dat sg plen f -;Й
31663;;линии;ЛИНИЯ;S f inan dat sg;;;все по отцовской _линии_ мои родственники ;и;и;н;и;л;;S;ЛИНИЯ;S f inan dat sg;Я
31664;;мои;МОЙ;APRO - nom pl plen - -;;;по отцовской линии _мои_ родственники  ;и;о;м;;;;APRO;МОЙ;A - nom pl plen - -;Й
31665;;родственники;РОДСТВЕННИК;S m anim nom pl;;;отцовской линии мои _родственники_   ;и;к;и;н;н;е;S;РОДСТВЕННИК;S m anim nom pl;К
31666;;;;;;;;;;;;;;;;;
31667;# sent = 2443;;;;;;;;;;;;;;;;
31668;# speaker = Алина;;;;;;;;;;;;;;;;
31669;# sent = 2444;;;;;;;;;;;;;;;;
31670;;М;М;NONLEX;слитно;;   _М_ - хм ;м;;;;;;INTJ;М;S - - nonflex -;М
31671;;-;-;PUNCT;;;;;;;;;;PUNCT;;;
31672;;хм;ХМ;INTJ;;; М - _хм_   ;м;х;;;;;INTJ;ХМ;INTJ;М
31673;;;;;;;;;;;;;;;;;
31674;# sent = 2445;;;;;;;;;;;;;;;;
31675;# speaker = Мирон;;;;;;;;;;;;;;;;
31676;# sent = 2446;;;;;;;;;;;;;;;;
31677;;Аа;АА;NONLEX;;;   _Аа_ // Сергей Александрович;а;а;;;;;INTJ;АА;NONLEX;А
31678;;//;//;PUNCT;;;;;;;;;;PUNCT;;;
31679;;Сергей;СЕРГЕЙ;S m persn nom sg;;; Аа // _Сергей_ Александрович Крылов мой;й;е;г;р;е;с;S;СЕРГЕЙ;S m anim nom sg;Й
31680;;Александрович;АЛЕКСАНДРОВИЧ;S m patrn nom sg;;;Аа // Сергей _Александрович_ Крылов мой дед;ч;и;в;о;р;д;S;АЛЕКСАНДРОВИЧ;S m anim nom sg;Ч
31681;;Крылов;КРЫЛОВ;S m famn nom sg;;;// Сергей Александрович _Крылов_ мой дед /;в;о;л;ы;р;к;S;КРЫЛОВ;S m anim nom sg;В
31682;;мой;МОЙ;APRO - nom sg plen m -;;;Сергей Александрович Крылов _мой_ дед / типа;й;о;м;;;;APRO;МОЙ;A - nom sg plen m -;Й
31683;;дед;ДЕД;S m anim nom sg;;;Александрович Крылов мой _дед_ / типа /;д;е;д;;;;S;ДЕД;S m anim nom sg;Д
31684;;/;/;PUNCT;;;;;;;;;;PUNCT;;;
31685;;типа;ТИПА;PART;;;мой дед / _типа_ / занимается монгольскими;а;п;и;т;;;PART;ТИПА;PART;А
31686;;/;/;PUNCT;;;;;;;;;;PUNCT;;;
31687;;занимается;ЗАНИМАТЬСЯ;V ipf praes sg indic - 3p;;;/ типа / _занимается_ монгольскими языками /;я;с;т;е;а;м;V;ЗАНИМАТЬСЯ;V ipf praes sg indic - 3p;Я
31688;;монгольскими;МОНГОЛЬСКИЙ;A - ins pl plen - -;;;типа / занимается _монгольскими_ языками / э;и;м;и;к;с;ь;A;МОНГОЛЬСКИЙ;A - ins pl plen - -;Й
31689;;языками;ЯЗЫК;S m inan ins pl;;;/ занимается монгольскими _языками_ / э /;и;м;а;к;ы;з;S;ЯЗЫК;S m inan ins pl;К
31690;;/;/;PUNCT;;;;;;;;;;PUNCT;;;
31691;;э;Э;NONLEX;;;монгольскими языками / _э_ / но он;э;;;;;;INTJ;Э;INTJ;Э
31692;;/;/;PUNCT;;;;;;;;;;PUNCT;;;
31693;;но;НО;CONJ;;;/ э / _но_ он / большой;о;н;;;;;CONJ;НО;CONJ;О
31694;;он;ОН;SPRO sg 3p m nom;;;э / но _он_ / большой оригинал;н;о;;;;;SPRO;ОН;SPRO sg 3p m nom;Н
31695;;/;/;PUNCT;;;;;;;;;;PUNCT;;;
31696;;большой;БОЛЬШОЙ;A - nom sg plen m;;;но он / _большой_ оригинал / поэтому;й;о;ш;ь;л;о;A;БОЛЬШОЙ;A - acc sg plen m inan;Й
31697;;оригинал;ОРИГИНАЛ;S m anim nom sg;;;он / большой _оригинал_ / поэтому /;л;а;н;и;г;и;S;ОРИГИНАЛ;S m inan acc sg;Л
31698;;/;/;PUNCT;;;;;;;;;;PUNCT;;;
31699;;поэтому;ПОЭТОМУ;ADV -;;;большой оригинал / _поэтому_ / м /;у;м;о;т;э;о;ADV;ПОЭТОМУ;ADV -;У
31700;;/;/;PUNCT;;;;;;;;;;PUNCT;;;
31701;;м;М;NONLEX;;;/ поэтому / _м_ / у него;м;;;;;;INTJ;М;S - - nonflex -;М
31702;;/;/;PUNCT;;;;;;;;;;PUNCT;;;
31703;;у;У;PR;;;/ м / _у_ него было тяжело;у;;;;;;PR;У;PR;У
31704;;него;ОН;SPRO sg 3p m gen;;;м / у _него_ было тяжело с;о;г;е;н;;;SPRO;ОН;SPRO sg 3p m acc;Н
31705;;было;БЫТЬ;V ipf praet sg indic n -;;;/ у него _было_ тяжело с продвижением;о;л;ы;б;;;V;БЫТЬ;V ipf praet sg indic n -;Ь
31706;;тяжело;ТЯЖЕЛО;ADV -;;;у него было _тяжело_ с продвижением по;о;л;е;ж;я;т;ADV;ТЯЖЕЛО;ADV -;О
31707;;с;С;PR;;;него было тяжело _с_ продвижением по научной;с;;;;;;PR;С;PR;С
31708;;продвижением;ПРОДВИЖЕНИЕ;S n inan ins sg;;;было тяжело с _продвижением_ по научной лестнице;м;е;и;н;е;ж;S;ПРОДВИЖЕНИЕ;S n inan ins sg;Е
31709;;по;ПО;PR;;;тяжело с продвижением _по_ научной лестнице //;о;п;;;;;PR;ПО;PR;О
31710;;научной;НАУЧНЫЙ;A - dat sg plen f -;;;с продвижением по _научной_ лестнице // Например;й;о;н;ч;у;а;A;НАУЧНЫЙ;A - dat sg plen f -;Й
31711;;лестнице;ЛЕСТНИЦА;S f inan dat sg;;;продвижением по научной _лестнице_ // Например /;е;ц;и;н;т;с;S;ЛЕСТНИЦА;S f inan dat sg;А
31712;;//;//;PUNCT;;;;;;;;;;PUNCT;;;
31713;;Например;НАПРИМЕР;PARENTH;;;научной лестнице // _Например_ /  кажца;р;е;м;и;р;п;ADV;НАПРИМЕР;ADV -;Р
31714;;/;/;PUNCT;;;;;;;;;;PUNCT;;;
31715;"<distinct form=""";;;;;;;;;;;;;;;;
31716;<dist>;кажца;;;;;;;;;;;;;;;
31717;""">";;;;;;;;;;;;;;;;
31718;;кажется;КАЖЕТСЯ;PARENTH;;; кажца  _кажется_  когда он;я;с;т;е;ж;а;ADV;КАЖЕТСЯ;ADV -;Я
31719;</distinct>;;;;;;;;;;;;;;;;
31720;;когда;КОГДА;CONJ;;; кажется  _когда_ он / написал;а;д;г;о;к;;CONJ;КОГДА;CONJ;А
31721;;он;ОН;SPRO sg 3p m nom;;;кажется  когда _он_ / написал кандидатский;н;о;;;;;SPRO;ОН;SPRO sg 3p m nom;Н
31722;;/;/;PUNCT;;;;;;;;;;PUNCT;;;
31723;;написал;НАПИСАТЬ;V pf praet sg indic m -;;;когда он / _написал_ кандидатский диссер он;л;а;с;и;п;а;V;НАПИСАТЬ;V pf praet sg indic m -;Ь
31724;;кандидатский;КАНДИДАТСКИЙ;A - acc sg plen m inan;;;он / написал _кандидатский_ диссер он его;й;и;к;с;т;а;A;КАНДИДАТСКИЙ;A - acc sg plen m inan;Й
31725;;диссер;ДИССЕР;S m inan acc sg;bastard;;/ написал кандидатский _диссер_ он его написал;р;е;с;с;и;д;S;ДИССЕР;S m inan acc sg;Р
31726;;он;ОН;SPRO sg 3p m nom;;;написал кандидатский диссер _он_ его написал очень;н;о;;;;;SPRO;ОН;SPRO sg 3p m nom;Н
31727;;его;ОН;SPRO sg 3p m acc;;;кандидатский диссер он _его_ написал очень рано;о;г;е;;;;SPRO;ОН;SPRO sg 3p m acc;Н
31728;;написал;НАПИСАТЬ;V pf praet sg indic m -;;;диссер он его _написал_ очень рано /;л;а;с;и;п;а;V;НАПИСАТЬ;V pf praet sg indic m -;Ь
31729;;очень;ОЧЕНЬ;ADV -;;;он его написал _очень_ рано / но;ь;н;е;ч;о;;ADV;ОЧЕНЬ;ADV -;Ь
31730;;рано;РАНО;ADV -;;;его написал очень _рано_ / но /;о;н;а;р;;;ADV;РАНО;ADV -;О
31731;;/;/;PUNCT;;;;;;;;;;PUNCT;;;
31732;;но;НО;CONJ;;;очень рано / _но_ / он очень;о;н;;;;;CONJ;НО;CONJ;О
31733;;/;/;PUNCT;;;;;;;;;;PUNCT;;;
31734;;он;ОН;SPRO sg 3p m nom;;;/ но / _он_ очень любил поэзию;н;о;;;;;SPRO;ОН;SPRO sg 3p m nom;Н
31735;;очень;ОЧЕНЬ;ADV -;;;но / он _очень_ любил поэзию модерна;ь;н;е;ч;о;;ADV;ОЧЕНЬ;ADV -;Ь
31736;;любил;ЛЮБИТЬ;V ipf praet sg indic m -;;;/ он очень _любил_ поэзию модерна /;л;и;б;ю;л;;V;ЛЮБИТЬ;V ipf praet sg indic m -;Ь
31737;;поэзию;ПОЭЗИЯ;S f inan acc sg;;;он очень любил _поэзию_ модерна / нет;ю;и;з;э;о;п;S;ПОЭЗИЯ;S f inan acc sg;Я
31738;;модерна;МОДЕРН;S m inan gen sg;;;очень любил поэзию _модерна_ / нет /;а;н;р;е;д;о;S;МОДЕРН;S m inan gen sg;Н
31739;;/;/;PUNCT;;;;;;;;;;PUNCT;;;
31740;;нет;НЕТ;INTJ;;;поэзию модерна / _нет_ / то был;т;е;н;;;;ADV;НЕТ;ADV -;Т
31741;;/;/;PUNCT;;;;;;;;;;PUNCT;;;
31742;;то;ТО;SPRO n - nom sg;;;/ нет / _то_ был уже постмодерн;о;т;;;;;SPRO;ТО;S n inan acc sg;О
31743;;был;БЫТЬ;V ipf praet sg indic m -;;;нет / то _был_ уже постмодерн //;л;ы;б;;;;V;БЫТЬ;V ipf praet sg indic m -;Ь
31744;;уже;УЖЕ;ADV -;;;/ то был _уже_ постмодерн // И;е;ж;у;;;;ADV;УЖЕ;ADV -;Е
31745;;постмодерн;ПОСТМОДЕРН;S m inan nom sg;;;то был уже _постмодерн_ // И тогда;н;р;е;д;о;м;S;ПОСТМОДЕРН;S m inan nom sg;Н
31746;;//;//;PUNCT;;;;;;;;;;PUNCT;;;
31747;;И;И;CONJ;;;уже постмодерн // _И_ тогда Лев Рубинштейн;и;;;;;;CONJ;И;CONJ;И
31748;;тогда;ТОГДА;ADV -;;;постмодерн // И _тогда_ Лев Рубинштейн выпустил;а;д;г;о;т;;ADV;ТОГДА;ADV -;А
31749;;Лев;ЛЕВ;S m persn nom sg;;;// И тогда _Лев_ Рубинштейн выпустил свою;в;е;л;;;;S;ЛЕВ;S m anim nom sg;В
31750;;Рубинштейн;РУБИНШТЕЙН;S m famn nom sg;;;И тогда Лев _Рубинштейн_ выпустил свою поэму;н;й;е;т;ш;н;S;РУБИНШТЕЙН;S m anim nom sg;Н
31751;;выпустил;ВЫПУСТИТЬ;V pf praet sg indic m -;;;тогда Лев Рубинштейн _выпустил_ свою поэму /;л;и;т;с;у;п;V;ВЫПУСТИТЬ;V pf praet sg indic m -;Ь
31752;;свою;СВОЙ;APRO - acc sg plen f -;;;Лев Рубинштейн выпустил _свою_ поэму / наа;ю;о;в;с;;;APRO;СВОЙ;A - acc sg plen f -;Й
31753;;поэму;ПОЭМА;S f inan acc sg;;;Рубинштейн выпустил свою _поэму_ / наа библиотечных;у;м;э;о;п;;S;ПОЭМА;S f inan acc sg;А
31754;;/;/;PUNCT;;;;;;;;;;PUNCT;;;
31755;;наа;НА;PR;distort;;свою поэму / _наа_ библиотечных карточках ;а;а;н;;;;PR;НАА;S m inan nonflex -;А
31756;;библиотечных;БИБЛИОТЕЧНЫЙ;A - loc pl plen - -;;;поэму / наа _библиотечных_ карточках  ;х;ы;н;ч;е;т;A;БИБЛИОТЕЧНЫЙ;A - loc pl plen - -;Й
31757;;карточках;КАРТОЧКА;S f inan loc pl;;;/ наа библиотечных _карточках_   ;х;а;к;ч;о;т;S;КАРТОЧКА;S f inan loc pl;А
31758;;;;;;;;;;;;;;;;;
31759;# sent = 2447;;;;;;;;;;;;;;;;
31760;# speaker = Алина;;;;;;;;;;;;;;;;
31761;# sent = 2448;;;;;;;;;;;;;;;;
31762;;Ммм;МММ;INTJ;;;   _Ммм_   ;м;м;м;;;;S;МММ;S n inan loc sg;М
31763;;;;;;;;;;;;;;;;;
31764;# sent = 2449;;;;;;;;;;;;;;;;
31765;# speaker = Мирон;;;;;;;;;;;;;;;;
31766;# sent = 2450;;;;;;;;;;;;;;;;
31767;;И;И;CONJ;;;   _И_ / мой дед;и;;;;;;CONJ;И;CONJ;И
31768;;/;/;PUNCT;;;;;;;;;;PUNCT;;;
31769;;мой;МОЙ;APRO - nom sg plen m -;;; И / _мой_ дед тоже выпустил;й;о;м;;;;APRO;МОЙ;A - nom sg plen m -;Й
31770;;дед;ДЕД;S m anim nom sg;;;И / мой _дед_ тоже выпустил /;д;е;д;;;;S;ДЕД;S m anim nom sg;Д
31771;;тоже;ТОЖЕ;PART;;;/ мой дед _тоже_ выпустил / ;е;ж;о;т;;;PART;ТОЖЕ;PART;Е
31772;;выпустил;ВЫПУСТИТЬ;V pf praet sg indic m -;;;мой дед тоже _выпустил_ /  Смеется;л;и;т;с;у;п;V;ВЫПУСТИТЬ;V pf praet sg indic m -;Ь
31773;;/;/;PUNCT;;;;;;;;;;PUNCT;;;
31774;"<span class=""note"">";;;;;;;;;;;;;;;;
31775;<note>;Смеется;;;;;;;;;;;;;;;
31776;</span>;;;;;;;;;;;;;;;;
31777;;/;/;PUNCT;;;;;;;;;;PUNCT;;;
31778;"<distinct form=""";;;;;;;;;;;;;;;;
31779;<dist>;с;;;;;;;;;;;;;;;
31780;<dist>;-;;;;;;;;;;;;;;;
31781;<dist>;свой;;;;;;;;;;;;;;;
31782;""">";;;;;;;;;;;;;;;;
31783;;свой;СВОЙ;APRO - acc sg plen m;;;- свой  _свой_  ... свою;й;о;в;с;;;APRO;СВОЙ;A - acc sg plen m inan;Й
31784;</distinct>;;;;;;;;;;;;;;;;
31785;;...;...;PUNCT;;;;;;;;;;PUNCT;;;
31786;;свою;СВОЙ;APRO - acc sg plen f -;;;свой  ... _свою_ кандидатскую / ээ;ю;о;в;с;;;APRO;СВОЙ;A - acc sg plen f -;Й
31787;;кандидатскую;КАНДИДАТСКИЙ;A - acc sg plen f -;;; ... свою _кандидатскую_ / ээ /;ю;у;к;с;т;а;A;КАНДИДАТСКИЙ;A - acc sg plen f -;Й
31788;;/;/;PUNCT;;;;;;;;;;PUNCT;;;
31789;;ээ;ЭЭ;NONLEX;;;свою кандидатскую / _ээ_ / на библиотечных;э;э;;;;;NONLEX;ЭЭ;NONLEX;Э
31790;;/;/;PUNCT;;;;;;;;;;PUNCT;;;
31791;;на;НА;PR;;;/ ээ / _на_ библиотечных карточках ;а;н;;;;;PR;НА;PR;А
31792;;библиотечных;БИБЛИОТЕЧНЫЙ;A - loc pl plen - -;;;ээ / на _библиотечных_ карточках  ;х;ы;н;ч;е;т;A;БИБЛИОТЕЧНЫЙ;A - loc pl plen - -;Й
31793;;карточках;КАРТОЧКА;S f inan loc pl;;;/ на библиотечных _карточках_   ;х;а;к;ч;о;т;S;КАРТОЧКА;S f inan loc pl;А
31794;;;;;;;;;;;;;;;;;
31795;# sent = 2451;;;;;;;;;;;;;;;;
31796;# speaker = Алина;;;;;;;;;;;;;;;;
31797;# sent = 2452;;;;;;;;;;;;;;;;
31798;"<distinct form=""";;;;;;;;;;;;;;;;
31799;<dist>;Блииииин;;;;;;;;;;;;;;;
31800;""">";;;;;;;;;;;;;;;;
31801;;Блин;БЛИН;INTJ;;; Блииииин  _Блин_  как классно;н;и;л;б;;;S;БЛИН;S m inan nom sg;Н
31802;</distinct>;;;;;;;;;;;;;;;;
31803;;как;КАК;ADV -;;; Блин  _как_ классно  ;к;а;к;;;;ADV;КАК;ADV -;К
31804;;классно;КЛАССНО;ADV -;;;Блин  как _классно_   ;о;н;с;с;а;л;ADV;КЛАССНО;ADV -;О
31805;;;;;;;;;;;;;;;;;
31806;# sent = 2453;;;;;;;;;;;;;;;;
31807;"<span class=""note"">";;;;;;;;;;;;;;;;
31808;<note>;Говорят одновременно;;;;;;;;;;;;;;;
31809;</span>;;;;;;;;;;;;;;;;
31810;;;;;;;;;;;;;;;;;
31811;# sent = 2454;;;;;;;;;;;;;;;;
31812;# speaker = Мирон;;;;;;;;;;;;;;;;
31813;# sent = 2455;;;;;;;;;;;;;;;;
31814;;В;В;PR;;;   _В_ общем комиссия юмора;в;;;;;;PR;В;PR;В
31815;;общем;ОБЩИЙ;A - loc sg plen n -;;;  В _общем_ комиссия юмора не;м;е;щ;б;о;;A;ОБЩИЙ;A - loc sg plen m -;Й
31816;;комиссия;КОМИССИЯ;S f inan nom sg;;; В общем _комиссия_ юмора не поняла;я;и;с;с;и;м;S;КОМИССИЯ;S f inan nom sg;Я
31817;;юмора;ЮМОР;S m inan gen sg;;;В общем комиссия _юмора_ не поняла ;а;р;о;м;ю;;S;ЮМОР;S m inan gen sg;Р
31818;;не;НЕ;PART;;;общем комиссия юмора _не_ поняла  ;е;н;;;;;PART;НЕ;PART;Е
31819;;поняла;ПОНЯТЬ;V pf praet sg indic f -;;;комиссия юмора не _поняла_   ;а;л;я;н;о;п;V;ПОНЯТЬ;V pf praet sg indic f -;Ь
31820;;;;;;;;;;;;;;;;;
31821;# sent = 2456;;;;;;;;;;;;;;;;
31822;# speaker = Алина;;;;;;;;;;;;;;;;
31823;# sent = 2457;;;;;;;;;;;;;;;;
31824;"<span class=""note"">";;;;;;;;;;;;;;;;
31825;<note>;Смеется;;;;;;;;;;;;;;;
31826;</span>;;;;;;;;;;;;;;;;
31827;;;;;;;;;;;;;;;;;
31828;# sent = 2458;;;;;;;;;;;;;;;;
31829;# speaker = Мирон;;;;;;;;;;;;;;;;
31830;# sent = 2459;;;;;;;;;;;;;;;;
31831;;И;И;CONJ;;;   _И_ эту диссертацию ему;и;;;;;;CONJ;И;CONJ;И
31832;;эту;ЭТОТ;APRO - acc sg plen f -;;;  И _эту_ диссертацию ему потом;у;т;э;;;;APRO;ЭТОТ;A - acc sg plen f -;Т
31833;;диссертацию;ДИССЕРТАЦИЯ;S f inan acc sg;;; И эту _диссертацию_ ему потом еще;ю;и;ц;а;т;р;S;ДИССЕРТАЦИЯ;S f inan acc sg;Я
31834;;ему;ОН;SPRO sg 3p m dat;;;И эту диссертацию _ему_ потом еще пришлось;у;м;е;;;;SPRO;ОН;SPRO sg 3p m dat;Н
31835;;потом;ПОТОМ;ADV -;;;эту диссертацию ему _потом_ еще пришлось перерабатывать;м;о;т;о;п;;ADV;ПОТОМ;ADV -;М
31836;;еще;ЕЩЕ;ADV -;;;диссертацию ему потом _еще_ пришлось перерабатывать /;е;щ;е;;;;ADV;ЕЩЕ;ADV -;Е
31837;;пришлось;ПРИЙТИСЬ;V pf praet sg med n -;;;ему потом еще _пришлось_ перерабатывать / чтобы;ь;с;о;л;ш;и;V;ПРИЙТИСЬ;V pf praet sg indic n -;Ь
31838;;перерабатывать;ПЕРЕРАБАТЫВАТЬ;V ipf - - inf - -;;;потом еще пришлось _перерабатывать_ / чтобы её;ь;т;а;в;ы;т;V;ПЕРЕРАБАТЫВАТЬ;V ipf - - inf - -;Ь
31839;;/;/;PUNCT;;;;;;;;;;PUNCT;;;
31840;;чтобы;ЧТОБЫ;CONJ;;;пришлось перерабатывать / _чтобы_ её не приняли;ы;б;о;т;ч;;CONJ;ЧТОБЫ;CONJ;Ы
31841;;её;ОНА;SPRO sg 3p f acc;;;перерабатывать / чтобы _её_ не приняли за;ё;е;;;;;SPRO;ОНА;SPRO sg 3p f acc;А
31842;;не;НЕ;PART;;;/ чтобы её _не_ приняли за плагиат;е;н;;;;;PART;НЕ;PART;Е
31843;;приняли;ПРИНЯТЬ;V pf praet pl indic - -;;;чтобы её не _приняли_ за плагиат его;и;л;я;н;и;р;V;ПРИНЯТЬ;V pf praet pl indic - -;Ь
31844;;за;ЗА;PR;;;её не приняли _за_ плагиат его же;а;з;;;;;PR;ЗА;PR;А
31845;;плагиат;ПЛАГИАТ;S m inan acc sg;;;не приняли за _плагиат_ его же самого;т;а;и;г;а;л;S;ПЛАГИАТ;S m inan acc sg;Т
31846;;его;ОН;SPRO sg 3p m gen;;;приняли за плагиат _его_ же самого ;о;г;е;;;;SPRO;ЕГО;A - nonflex - plen - -;Н
31847;;же;ЖЕ;PART;;;за плагиат его _же_ самого  ;е;ж;;;;;PART;ЖЕ;PART;Е
31848;;самого;САМЫЙ;APRO sg m gen;;;плагиат его же _самого_   ;о;г;о;м;а;с;A;САМЫЙ;A - gen sg plen m -;Й
31849;;;;;;;;;;;;;;;;;
31850;# sent = 2460;;;;;;;;;;;;;;;;
31851;# speaker = Алина;;;;;;;;;;;;;;;;
31852;# sent = 2461;;;;;;;;;;;;;;;;
31853;"<span class=""note"">";;;;;;;;;;;;;;;;
31854;<note>;Смеется;;;;;;;;;;;;;;;
31855;</span>;;;;;;;;;;;;;;;;
31856;;;;;;;;;;;;;;;;;
31857;# sent = 2462;;;;;;;;;;;;;;;;
31858;# speaker = Мирон;;;;;;;;;;;;;;;;
31859;# sent = 2463;;;;;;;;;;;;;;;;
31860;;Ну;НУ;PART;;;   _Ну_ в общем защищался;у;н;;;;;PART;НУ;PART;У
31861;;в;В;PR;;;  Ну _в_ общем защищался он;в;;;;;;PR;В;PR;В
31862;;общем;ОБЩИЙ;A - loc sg plen n -;;; Ну в _общем_ защищался он довольно;м;е;щ;б;о;;A;ОБЩИЙ;A - loc sg plen m -;Й
31863;;защищался;ЗАЩИЩАТЬСЯ;V ipf praet sg indic m -;;;Ну в общем _защищался_ он довольно поздно;я;с;л;а;щ;и;V;ЗАЩИЩАТЬСЯ;V ipf praet sg indic m -;Я
31864;;он;ОН;SPRO sg 3p m nom;;;в общем защищался _он_ довольно поздно /;н;о;;;;;SPRO;ОН;SPRO sg 3p m nom;Н
31865;;довольно;ДОВОЛЬНО;ADV -;;;общем защищался он _довольно_ поздно / ааа;о;н;ь;л;о;в;ADV;ДОВОЛЬНО;ADV -;О
31866;;поздно;ПОЗДНО;ADV -;;;защищался он довольно _поздно_ / ааа ;о;н;д;з;о;п;ADV;ПОЗДНО;ADV -;О
31867;;/;/;PUNCT;;;;;;;;;;PUNCT;;;
31868;;ааа;ААА;NONLEX;;;довольно поздно / _ааа_   ;а;а;а;;;;INTJ;ААА;S m inan nonflex -;А
31869;;;;;;;;;;;;;;;;;
31870;# sent = 2464;;;;;;;;;;;;;;;;
31871;#  #;;;;;;;;;;;;;;;;
31871;#  #;;;;;;;;;;;;;;;;
31871;#  #;;;;;;;;;;;;;;;;
31871;#  #;;;;;;;;;;;;;;;;
31871;#  #;;;;;;;;;;;;;;;;
31871;#  #;;;;;;;;;;;;;;;;
31871;#  #;;;;;;;;;;;;;;;;
31871;#  #;;;;;;;;;;;;;;;;
